_id,usuario_id,restaurant_id,order_id,calificación,comentario,fecha,respuestas
67f9ed9e36a48ec062a03ea2,67f9ed3f36a48ec062a03ce9,67f9ed4536a48ec062a03d1e,67f9ed6336a48ec062a03e02,4.3,Totam quo suscipit minima saepe. Perspiciatis consectetur cupiditate ex at molestiae error. Quis illo accusamus rem itaque. Voluptatibus at quisquam reiciendis modi molestiae.,2025-04-06T05:49:10.973000,[]
67f9ed9e36a48ec062a03ea3,67f9ed3f36a48ec062a03ce9,67f9ed4536a48ec062a03d17,67f9ed8136a48ec062a03e55,1.7,Sit voluptate totam libero veniam iste. Quidem assumenda ut nostrum nobis.,2025-04-06T04:37:56.565000,[]
67f9ed9e36a48ec062a03ea4,67f9ed3f36a48ec062a03cf4,67f9ed4536a48ec062a03d10,67f9ed6236a48ec062a03e01,1.2,Ducimus similique autem omnis vero nihil iste. Repellendus quasi explicabo esse. Nostrum eos necessitatibus ad.,2025-04-10T12:37:32.248000,[]
67f9ed9e36a48ec062a03ea5,67f9ed3f36a48ec062a03cee,67f9ed4536a48ec062a03d11,67f9ed5a36a48ec062a03dea,2.1,Nemo officiis ullam corporis facilis et non. Dolores reiciendis quibusdam doloribus magnam. Nobis dicta ea iste recusandae.,2025-04-11T01:47:59.741000,[]
67f9ed9f36a48ec062a03ea6,67f9ed3f36a48ec062a03ce7,67f9ed4536a48ec062a03d1f,67f9ed6236a48ec062a03e00,2.8,Reprehenderit laboriosam veniam. Mollitia tenetur reprehenderit magni temporibus reprehenderit. Assumenda esse tempore ipsum molestias dignissimos numquam adipisci.,2025-04-11T13:57:44.921000,[]
67f9ed9f36a48ec062a03ea7,67f9ed3f36a48ec062a03cfd,67f9ed4536a48ec062a03d17,67f9ed9836a48ec062a03e92,4.7,Quam officia repudiandae adipisci ex earum assumenda. Quos nisi explicabo laboriosam.,2025-04-03T19:37:04.144000,[]
67f9ed9f36a48ec062a03ea8,67f9ed3f36a48ec062a03d09,67f9ed4536a48ec062a03d1a,67f9ed9936a48ec062a03e96,3.0,Amet temporibus ipsa expedita dolore. Eligendi pariatur animi debitis ullam odio.,2025-04-02T12:43:56.632000,[]
67f9ed9f36a48ec062a03ea9,67f9ed3f36a48ec062a03d08,67f9ed4536a48ec062a03d1e,67f9ed6b36a48ec062a03e19,3.4,Molestiae quis laudantium. Accusamus at blanditiis praesentium magnam.,2025-04-06T00:24:37.966000,[]
67f9ed9f36a48ec062a03eaa,67f9ed3f36a48ec062a03cf6,67f9ed4536a48ec062a03d1a,67f9ed7136a48ec062a03e29,2.5,Dolores modi vel officia. Iusto aliquid vitae amet ullam unde dolores enim. Qui corrupti quisquam cum repellendus incidunt.,2025-04-07T01:42:49.302000,[]
67f9ed9f36a48ec062a03eab,67f9ed3f36a48ec062a03ceb,67f9ed4536a48ec062a03d1e,67f9ed6736a48ec062a03e0e,3.4,Officiis occaecati facilis saepe velit modi. Non dolore odio molestias.,2025-04-11T21:32:26.436000,[]
67f9ed9f36a48ec062a03eac,67f9ed3f36a48ec062a03d0e,67f9ed4536a48ec062a03d1c,67f9ed5636a48ec062a03de2,4.8,Dignissimos dolorum aperiam nisi aliquid ipsa.,2025-04-09T17:11:22.858000,[]
67f9ed9f36a48ec062a03ead,67f9ed3f36a48ec062a03cec,67f9ed4536a48ec062a03d1b,67f9ed8e36a48ec062a03e78,3.6,Iste ullam ad dicta est. Praesentium soluta ad temporibus eum.,2025-04-02T01:02:19.162000,[]
67f9ed9f36a48ec062a03eae,67f9ed3f36a48ec062a03cdf,67f9ed4536a48ec062a03d1e,67f9ed9636a48ec062a03e8e,1.5,Ipsa esse accusamus totam. Voluptatibus eligendi delectus ex fugiat a itaque.,2025-04-06T02:25:13.900000,[]
67f9eda036a48ec062a03eaf,67f9ed3f36a48ec062a03cec,67f9ed4536a48ec062a03d1b,67f9ed8e36a48ec062a03e78,1.9,Molestiae blanditiis assumenda optio ipsam facilis perspiciatis. Incidunt commodi in minima et. Eius iste assumenda minima minima.,2025-04-07T07:20:22.203000,[]
67f9eda036a48ec062a03eb0,67f9ed3f36a48ec062a03ce0,67f9ed4536a48ec062a03d0f,67f9ed8f36a48ec062a03e7a,1.8,Occaecati voluptatibus ducimus. Libero esse voluptatum nam maxime esse reprehenderit. Deserunt adipisci temporibus quo.,2025-04-07T21:15:02.138000,[]
67f9eda036a48ec062a03eb1,67f9ed3f36a48ec062a03d0a,67f9ed4536a48ec062a03d15,67f9ed7536a48ec062a03e34,4.4,Voluptates totam ea molestias maiores velit voluptas magni. Occaecati esse necessitatibus perspiciatis corporis. Occaecati laboriosam reprehenderit.,2025-04-05T23:04:55.599000,[]
67f9eda036a48ec062a03eb2,67f9ed3f36a48ec062a03cec,67f9ed4536a48ec062a03d1b,67f9ed8e36a48ec062a03e78,2.6,Laboriosam velit consectetur officia voluptate eius libero iure. At dolores saepe aperiam.,2025-04-09T18:34:56.428000,[]
67f9eda036a48ec062a03eb3,67f9ed3f36a48ec062a03cda,67f9ed4536a48ec062a03d12,67f9ed7936a48ec062a03e3f,4.0,Nisi officia cum hic repudiandae quod. Eveniet perferendis quo repellendus. Ipsa aliquid minus quidem accusamus culpa ipsa incidunt. Mollitia molestias excepturi corrupti odio.,2025-04-08T01:20:45.346000,[]
67f9eda036a48ec062a03eb4,67f9ed3f36a48ec062a03d0c,67f9ed4536a48ec062a03d22,67f9ed6c36a48ec062a03e1c,1.5,Vel odio beatae voluptatum. Ipsam doloribus explicabo. Illum dolores nihil explicabo.,2025-04-03T10:09:49.011000,[]
67f9eda036a48ec062a03eb5,67f9ed3f36a48ec062a03cf5,67f9ed4536a48ec062a03d10,67f9ed7536a48ec062a03e35,3.1,Vitae ipsa voluptate facilis officiis facilis debitis tempore. Hic tenetur modi deleniti illo.,2025-04-02T22:22:43.550000,[]
67f9eda036a48ec062a03eb6,67f9ed3f36a48ec062a03cda,67f9ed4536a48ec062a03d20,67f9ed7036a48ec062a03e26,4.3,Reiciendis inventore accusamus magnam distinctio qui. Ducimus magni omnis aperiam quibusdam.,2025-04-11T05:48:34.389000,[]
67f9eda036a48ec062a03eb7,67f9ed3f36a48ec062a03d00,67f9ed4536a48ec062a03d17,67f9ed9c36a48ec062a03e9d,3.1,Expedita iusto nobis at. Magnam alias rem assumenda minima recusandae facere unde. Facere a sed quidem officiis.,2025-04-04T06:57:18.848000,[]
67f9eda136a48ec062a03eb8,67f9ed3f36a48ec062a03ceb,67f9ed4536a48ec062a03d14,67f9ed5a36a48ec062a03deb,2.6,Eum eius laudantium sequi. Aperiam vitae omnis.,2025-04-10T21:08:27.794000,[]
67f9eda136a48ec062a03eb9,67f9ed3f36a48ec062a03cdf,67f9ed4536a48ec062a03d0f,67f9ed9436a48ec062a03e87,3.2,Aperiam amet necessitatibus possimus. Dolorem commodi repellat dolorem earum.,2025-04-01T12:38:31.539000,[]
67f9eda136a48ec062a03eba,67f9ed3f36a48ec062a03d07,67f9ed4536a48ec062a03d19,67f9ed5c36a48ec062a03def,3.6,Necessitatibus vero cumque saepe quibusdam porro. Nulla fugit occaecati provident veniam laborum. Eligendi accusantium quidem soluta deleniti.,2025-04-08T05:52:28.439000,[]
67f9eda136a48ec062a03ebb,67f9ed3f36a48ec062a03cf5,67f9ed4536a48ec062a03d1c,67f9ed6436a48ec062a03e05,3.2,Nemo quaerat vel deleniti nesciunt.,2025-04-04T20:47:05.228000,[]
67f9eda136a48ec062a03ebc,67f9ed3f36a48ec062a03cfc,67f9ed4536a48ec062a03d21,67f9ed7d36a48ec062a03e4b,4.2,Nam officiis eligendi iusto corrupti itaque inventore. Voluptate ipsum repellendus in dolores.,2025-04-09T06:34:40.377000,[]
67f9eda136a48ec062a03ebd,67f9ed3f36a48ec062a03ce3,67f9ed4536a48ec062a03d22,67f9ed5d36a48ec062a03df2,4.6,Assumenda eum vel voluptas corporis quod magni modi. Maiores omnis facilis incidunt non. Itaque minus quis dicta.,2025-04-04T13:45:47.344000,[]
67f9eda136a48ec062a03ebe,67f9ed3f36a48ec062a03ced,67f9ed4536a48ec062a03d21,67f9ed6536a48ec062a03e09,3.7,Vitae cumque beatae iusto nulla reprehenderit. Ipsum suscipit voluptate.,2025-04-07T23:18:35.580000,[]
67f9eda136a48ec062a03ebf,67f9ed3f36a48ec062a03ce2,67f9ed4536a48ec062a03d12,67f9ed7a36a48ec062a03e41,1.1,Voluptates consectetur assumenda provident. Iusto nihil quae voluptatibus.,2025-04-04T11:28:29.018000,[]
67f9eda236a48ec062a03ec0,67f9ed3f36a48ec062a03cfb,67f9ed4536a48ec062a03d17,67f9ed6b36a48ec062a03e1a,4.9,Suscipit necessitatibus dolore. Dicta porro optio. At itaque nemo natus.,2025-04-05T02:37:00.279000,[]
67f9eda236a48ec062a03ec1,67f9ed3f36a48ec062a03ce3,67f9ed4536a48ec062a03d22,67f9ed5d36a48ec062a03df2,1.8,Dicta consequatur quibusdam ipsa architecto. Unde soluta error tenetur veritatis quas.,2025-04-01T11:33:50.254000,[]
67f9eda236a48ec062a03ec2,67f9ed3f36a48ec062a03cde,67f9ed4536a48ec062a03d22,67f9ed8836a48ec062a03e68,1.3,Ipsa ex blanditiis aperiam placeat similique magnam. Ratione corporis laborum tenetur recusandae voluptatum natus. Aut fuga quam consequatur consectetur laborum eos.,2025-04-08T15:05:42.382000,[]
67f9eda236a48ec062a03ec3,67f9ed3f36a48ec062a03ce3,67f9ed4536a48ec062a03d1c,67f9ed9136a48ec062a03e80,4.7,Ratione hic ut recusandae similique ipsum saepe repellat. Veniam eaque consectetur.,2025-04-02T23:13:20.634000,[]
67f9eda236a48ec062a03ec4,67f9ed3f36a48ec062a03d00,67f9ed4536a48ec062a03d1f,67f9ed7036a48ec062a03e25,2.7,Ullam ab possimus minus ullam. Vitae sequi quod harum ad. Sint quas consequuntur id porro. Laborum ratione commodi at.,2025-04-03T01:01:21.975000,[]
67f9eda236a48ec062a03ec5,67f9ed3f36a48ec062a03d03,67f9ed4536a48ec062a03d11,67f9ed8236a48ec062a03e59,4.8,Labore impedit quidem. Inventore et possimus eius delectus libero et labore. Fuga ex amet autem.,2025-04-08T00:56:32.782000,[]
67f9eda236a48ec062a03ec6,67f9ed3f36a48ec062a03cf2,67f9ed4536a48ec062a03d0f,67f9ed6836a48ec062a03e12,1.8,Cum tempore nulla distinctio culpa. Iure necessitatibus reprehenderit perspiciatis nisi laboriosam ullam. Aut maxime nihil dolorum ratione id.,2025-04-01T14:24:33.407000,[]
67f9eda236a48ec062a03ec7,67f9ed3f36a48ec062a03ce2,67f9ed4536a48ec062a03d12,67f9ed7a36a48ec062a03e41,4.8,Architecto officiis omnis accusantium hic. Maiores rem fugiat in eveniet non. Eveniet non fugiat consectetur ducimus perspiciatis.,2025-04-11T08:26:28.398000,[]
67f9eda236a48ec062a03ec8,67f9ed3f36a48ec062a03cd9,67f9ed4536a48ec062a03d1f,67f9ed9236a48ec062a03e81,2.2,Accusantium facere nisi asperiores sed dolores ad. Cupiditate accusantium numquam. Sapiente impedit ab nostrum.,2025-04-10T22:37:14.295000,[]
67f9eda336a48ec062a03ec9,67f9ed3f36a48ec062a03ce9,67f9ed4536a48ec062a03d1e,67f9ed6336a48ec062a03e02,1.9,Distinctio sit harum molestias. Sit exercitationem illo adipisci iusto perferendis optio. Praesentium voluptatem laboriosam recusandae aut laborum delectus quod.,2025-04-06T03:56:36.267000,[]
67f9eda336a48ec062a03eca,67f9ed3f36a48ec062a03cf2,67f9ed4536a48ec062a03d1c,67f9ed6536a48ec062a03e08,4.5,Temporibus nam possimus veniam tempore libero ipsa.,2025-04-02T16:15:00.333000,[]
67f9eda336a48ec062a03ecb,67f9ed3f36a48ec062a03cdd,67f9ed4536a48ec062a03d1a,67f9ed9536a48ec062a03e8a,2.0,Dolorum quidem voluptas quidem modi iste. A expedita repudiandae ipsum eveniet porro saepe. Non quos a perferendis velit.,2025-04-09T10:02:57.726000,[]
67f9eda336a48ec062a03ecc,67f9ed3f36a48ec062a03ce7,67f9ed4536a48ec062a03d11,67f9ed5336a48ec062a03dda,3.5,Expedita veritatis modi iure ut similique iure. Numquam unde odio distinctio. Maxime libero doloribus labore.,2025-04-07T13:10:25.009000,[]
67f9eda336a48ec062a03ecd,67f9ed3f36a48ec062a03d02,67f9ed4536a48ec062a03d12,67f9ed5836a48ec062a03de7,1.3,Impedit culpa ad. Quia occaecati at corrupti laboriosam. Voluptatum culpa ipsum aspernatur aliquid quia iure.,2025-04-09T04:01:46.531000,[]
67f9eda336a48ec062a03ece,67f9ed3f36a48ec062a03ce3,67f9ed4536a48ec062a03d1c,67f9ed9136a48ec062a03e80,2.2,Magnam occaecati maiores vero occaecati. Placeat minima amet molestias dolor harum molestias optio. Cumque vitae asperiores consequatur.,2025-04-07T05:17:15.554000,[]
67f9eda436a48ec062a03ecf,67f9ed3f36a48ec062a03cf6,67f9ed4536a48ec062a03d20,67f9ed6f36a48ec062a03e24,2.5,Nemo placeat sequi omnis vel. Maiores iste dolores optio eum.,2025-04-11T00:12:49.858000,[]
67f9eda436a48ec062a03ed0,67f9ed3f36a48ec062a03d01,67f9ed4536a48ec062a03d1d,67f9ed6836a48ec062a03e10,2.0,Sequi commodi iste necessitatibus illum voluptate. Iusto atque deserunt incidunt facilis inventore necessitatibus. Blanditiis dolor dolor dolores.,2025-04-02T23:33:41.534000,[]
67f9eda436a48ec062a03ed1,67f9ed3f36a48ec062a03d02,67f9ed4536a48ec062a03d10,67f9ed9a36a48ec062a03e97,1.7,Beatae aspernatur dolorem delectus nulla officiis similique. Reiciendis voluptate consequatur natus accusamus voluptates. Harum cumque officia alias eos. Nesciunt architecto esse atque.,2025-04-02T20:01:03.282000,[]
67f9eda436a48ec062a03ed2,67f9ed3f36a48ec062a03d01,67f9ed4536a48ec062a03d16,67f9ed8836a48ec062a03e67,5.0,Ut aspernatur nulla. Ab voluptas beatae quis.,2025-04-01T15:22:11.511000,[]
67f9eda436a48ec062a03ed3,67f9ed3f36a48ec062a03cfb,67f9ed4536a48ec062a03d12,67f9ed8c36a48ec062a03e72,3.2,Sapiente iste harum quis nam doloribus cumque. Vitae velit laborum deleniti. Non repellat voluptatibus modi explicabo.,2025-04-06T07:11:33.052000,[]
67f9eda436a48ec062a03ed4,67f9ed3f36a48ec062a03cdb,67f9ed4536a48ec062a03d12,67f9ed5636a48ec062a03de0,2.6,Laudantium temporibus earum consectetur ducimus sapiente alias. Ea magnam officiis illo iusto velit.,2025-04-06T16:22:12.294000,[]
67f9eda436a48ec062a03ed5,67f9ed3f36a48ec062a03cf3,67f9ed4536a48ec062a03d1b,67f9ed9c36a48ec062a03e9e,2.4,Eum eum accusantium. Repellendus accusamus magnam perspiciatis. Saepe sint quod iusto soluta at. Eveniet voluptate velit quam dolore unde ratione.,2025-04-03T21:50:45.104000,[]
67f9eda436a48ec062a03ed6,67f9ed3f36a48ec062a03cf3,67f9ed4536a48ec062a03d11,67f9ed7836a48ec062a03e3c,4.2,Sequi praesentium ducimus iusto praesentium. Quidem vero distinctio doloremque doloribus placeat odio. Maxime architecto veniam occaecati molestias cupiditate. Ex blanditiis alias voluptatibus.,2025-04-02T00:47:24.907000,[]
67f9eda436a48ec062a03ed7,67f9ed3f36a48ec062a03cec,67f9ed4536a48ec062a03d1b,67f9ed8e36a48ec062a03e78,4.9,Ratione architecto ullam tempore perferendis eveniet aut. Voluptates sint officia pariatur.,2025-04-09T12:10:02.087000,[]
67f9eda436a48ec062a03ed8,67f9ed3f36a48ec062a03cef,67f9ed4536a48ec062a03d11,67f9ed5c36a48ec062a03df1,1.8,Aspernatur quibusdam labore quae est. Alias voluptate rerum quod quaerat accusamus porro. Quasi dolor sit error.,2025-04-09T23:27:09.705000,[]
67f9eda536a48ec062a03ed9,67f9ed3f36a48ec062a03cf1,67f9ed4536a48ec062a03d1d,67f9ed9136a48ec062a03e7f,2.5,Voluptatibus consequuntur facere sequi ipsum. Rerum sapiente repudiandae dolore voluptatem. Nulla non veritatis nesciunt ullam.,2025-04-08T21:56:30.856000,[]
67f9eda536a48ec062a03eda,67f9ed3f36a48ec062a03ce1,67f9ed4536a48ec062a03d13,67f9ed6536a48ec062a03e07,1.2,Quos nostrum enim eaque atque libero dolor dolore. Aut repellat quod corporis molestiae quam explicabo tenetur.,2025-04-06T11:06:50.434000,[]
67f9eda536a48ec062a03edb,67f9ed3f36a48ec062a03ce9,67f9ed4536a48ec062a03d1e,67f9ed7736a48ec062a03e3a,3.7,Sapiente dolore ratione illo expedita mollitia. Ea iusto deleniti doloremque rerum. Eos itaque quo earum.,2025-04-07T10:13:30.860000,[]
67f9eda536a48ec062a03edc,67f9ed3f36a48ec062a03ce1,67f9ed4536a48ec062a03d1c,67f9ed6536a48ec062a03e0a,1.6,Modi ad asperiores dignissimos adipisci laborum veritatis. Similique fugiat harum consequatur. Magni autem recusandae.,2025-04-09T18:06:49.855000,[]
67f9eda536a48ec062a03edd,67f9ed3f36a48ec062a03d0b,67f9ed4536a48ec062a03d21,67f9ed5836a48ec062a03de6,1.6,Hic ipsam repellendus sunt minima. Culpa tenetur illum expedita repudiandae soluta. Voluptatibus maiores perferendis id enim recusandae quos cum.,2025-04-05T17:10:00.994000,[]
67f9eda536a48ec062a03ede,67f9ed3f36a48ec062a03d04,67f9ed4536a48ec062a03d11,67f9ed5936a48ec062a03de8,4.0,At aut nulla ullam. Sunt inventore explicabo quasi recusandae illum. Nihil quis quos non quaerat commodi a pariatur.,2025-04-08T04:44:58.191000,[]
67f9eda536a48ec062a03edf,67f9ed3f36a48ec062a03d04,67f9ed4536a48ec062a03d10,67f9ed6036a48ec062a03df9,4.4,Molestias asperiores quidem cumque. Tempore quas quos corporis ab. Perferendis ad nostrum eum earum enim.,2025-04-05T18:11:24.044000,[]
67f9eda536a48ec062a03ee0,67f9ed3f36a48ec062a03d07,67f9ed4536a48ec062a03d1b,67f9ed6636a48ec062a03e0c,2.6,Quaerat magnam perspiciatis vel ullam fugiat perferendis. Doloribus veniam doloribus velit. Veritatis impedit dolorem corrupti voluptas tempore expedita repudiandae.,2025-04-06T14:08:58.314000,[]
67f9eda536a48ec062a03ee1,67f9ed3f36a48ec062a03cdf,67f9ed4536a48ec062a03d0f,67f9ed9436a48ec062a03e87,3.8,Eaque repellendus assumenda velit. Vel quia alias aspernatur dicta rerum assumenda. Sunt quod totam accusamus.,2025-04-02T12:28:04.248000,[]
67f9eda636a48ec062a03ee2,67f9ed3f36a48ec062a03cf6,67f9ed4536a48ec062a03d1a,67f9ed7136a48ec062a03e29,4.0,Maxime cumque numquam consectetur. Corrupti sequi dolorum quisquam sit aut.,2025-04-10T17:22:34.657000,[]
67f9eda636a48ec062a03ee3,67f9ed3f36a48ec062a03cf0,67f9ed4536a48ec062a03d12,67f9ed8e36a48ec062a03e76,2.5,Eius nobis nemo odio. Aliquam facere aliquam beatae. Animi repellendus officia asperiores quidem.,2025-04-03T01:58:17.399000,[]
67f9eda636a48ec062a03ee4,67f9ed3f36a48ec062a03d00,67f9ed4536a48ec062a03d17,67f9ed9c36a48ec062a03e9d,2.8,Amet dolorum quia maiores ex fugit. Tempora excepturi beatae omnis vitae ad. In cum asperiores tempora voluptatem minima id reiciendis. Sequi nobis hic quam est dicta.,2025-04-03T01:32:23.656000,[]
67f9eda636a48ec062a03ee5,67f9ed3f36a48ec062a03d08,67f9ed4536a48ec062a03d22,67f9ed6936a48ec062a03e14,1.0,Impedit laborum deserunt aliquam. At mollitia perspiciatis tempora. Quos est iure voluptatibus fugiat.,2025-04-01T03:42:24.782000,[]
67f9eda636a48ec062a03ee6,67f9ed3f36a48ec062a03ce3,67f9ed4536a48ec062a03d22,67f9ed5d36a48ec062a03df2,2.6,Quam dolore illo voluptatibus totam quis vero. Eaque quos porro beatae. Aut aliquid est nisi sequi officiis quisquam.,2025-04-10T04:27:00.072000,[]
67f9eda636a48ec062a03ee7,67f9ed3f36a48ec062a03cfd,67f9ed4536a48ec062a03d17,67f9ed9836a48ec062a03e92,2.7,Reprehenderit ea explicabo placeat harum rem maxime earum. Quam natus doloremque earum harum magni. Maiores dignissimos illo debitis officiis eligendi quidem.,2025-04-05T11:14:50.629000,[]
67f9eda636a48ec062a03ee8,67f9ed3f36a48ec062a03d07,67f9ed4536a48ec062a03d17,67f9ed5c36a48ec062a03df0,1.6,Ullam laborum et consectetur maxime tenetur. Aperiam distinctio ducimus fugiat inventore vero. Similique numquam non.,2025-04-09T11:22:13.730000,[]
67f9eda636a48ec062a03ee9,67f9ed3f36a48ec062a03ce3,67f9ed4536a48ec062a03d17,67f9ed7436a48ec062a03e31,5.0,Natus esse quia. Nobis assumenda saepe asperiores. Tenetur asperiores ipsam consectetur sunt unde.,2025-04-06T11:33:05.470000,[]
67f9eda736a48ec062a03eea,67f9ed3f36a48ec062a03d05,67f9ed4536a48ec062a03d1e,67f9ed7936a48ec062a03e3e,4.6,Ea doloribus soluta. Alias repudiandae saepe ipsum aliquam impedit atque.,2025-04-03T20:36:55.273000,[]
67f9eda736a48ec062a03eeb,67f9ed3f36a48ec062a03cdf,67f9ed4536a48ec062a03d0f,67f9ed9436a48ec062a03e87,3.6,Quibusdam aliquid odio error. Vel numquam soluta itaque fuga recusandae quae. Omnis tempore maxime.,2025-04-08T10:03:56.033000,[]
67f9eda736a48ec062a03eec,67f9ed3f36a48ec062a03d06,67f9ed4536a48ec062a03d10,67f9ed8536a48ec062a03e60,4.8,Explicabo molestias fugiat iure officiis minima vel. Doloremque alias tempora corrupti.,2025-04-03T21:59:10.701000,[]
67f9eda736a48ec062a03eed,67f9ed3f36a48ec062a03d00,67f9ed4536a48ec062a03d1c,67f9ed7836a48ec062a03e3d,3.7,Necessitatibus quo nobis sed tempora. Repudiandae temporibus unde doloribus ex rerum molestias expedita.,2025-04-06T23:27:20.870000,[]
67f9eda736a48ec062a03eee,67f9ed3f36a48ec062a03cf1,67f9ed4536a48ec062a03d21,67f9ed5736a48ec062a03de4,2.6,Facilis explicabo quis placeat perferendis error. Eveniet aut cupiditate quos libero. Expedita similique possimus iste possimus. Quia aperiam distinctio aperiam delectus earum.,2025-04-07T16:57:10.668000,[]
67f9eda736a48ec062a03eef,67f9ed3f36a48ec062a03cff,67f9ed4536a48ec062a03d10,67f9ed6d36a48ec062a03e1f,1.6,Corporis quas iste in. Iste corporis dolorem unde. Amet sequi voluptate praesentium fuga sed quas.,2025-04-05T00:12:23.525000,[]
67f9eda736a48ec062a03ef0,67f9ed3f36a48ec062a03cf5,67f9ed4536a48ec062a03d13,67f9ed7a36a48ec062a03e42,1.7,Sequi aut distinctio modi aut. Iure laborum vitae distinctio soluta explicabo iure. Ipsam magni dicta repellendus dolorum nihil iure.,2025-04-01T22:04:29.070000,[]
67f9eda836a48ec062a03ef1,67f9ed3f36a48ec062a03d0d,67f9ed4536a48ec062a03d1c,67f9ed8436a48ec062a03e5e,4.8,Tempora quasi soluta sunt soluta ratione. Ipsa quaerat labore excepturi quis quisquam quos.,2025-04-01T13:35:45.524000,[]
67f9eda836a48ec062a03ef2,67f9ed3f36a48ec062a03d0e,67f9ed4536a48ec062a03d1b,67f9ed6636a48ec062a03e0b,4.5,Omnis excepturi blanditiis veritatis corrupti dolores explicabo. Tempora alias voluptatibus esse autem. Sit labore consectetur aliquid.,2025-04-03T22:27:18.709000,[]
67f9eda836a48ec062a03ef3,67f9ed3f36a48ec062a03cfd,67f9ed4536a48ec062a03d15,67f9ed6b36a48ec062a03e17,2.9,Fuga dolorum alias debitis perferendis voluptate fugiat. Aut voluptatem doloremque soluta consequuntur quisquam.,2025-04-10T17:51:51.311000,[]
67f9eda836a48ec062a03ef4,67f9ed3f36a48ec062a03ce3,67f9ed4536a48ec062a03d1c,67f9ed8636a48ec062a03e63,2.0,Ad temporibus atque exercitationem repudiandae eos ipsa. Placeat atque sed est temporibus cumque odio. Neque dolorem in ducimus debitis deserunt consequatur labore.,2025-04-10T09:55:33.025000,[]
67f9eda836a48ec062a03ef5,67f9ed3f36a48ec062a03cff,67f9ed4536a48ec062a03d14,67f9ed8036a48ec062a03e52,3.2,Beatae tenetur exercitationem suscipit praesentium dolorum. In molestiae et deserunt provident. Nihil corrupti molestias quos dolorem maxime.,2025-04-03T02:05:16.111000,[]
67f9eda836a48ec062a03ef6,67f9ed3f36a48ec062a03d0b,67f9ed4536a48ec062a03d17,67f9ed7e36a48ec062a03e4e,2.8,Ducimus cupiditate illo commodi qui tempore. Sunt eveniet voluptates eligendi odio delectus quisquam. Est at nostrum ipsum. Earum explicabo rerum ducimus accusantium veniam.,2025-04-08T00:25:42.705000,[]
67f9eda836a48ec062a03ef7,67f9ed3f36a48ec062a03cda,67f9ed4536a48ec062a03d13,67f9ed8a36a48ec062a03e6b,3.7,Saepe ab quod similique consequatur ullam. Voluptatum quidem aperiam voluptatem reiciendis vel. Hic harum soluta a praesentium nihil enim.,2025-04-02T01:10:42.911000,[]
67f9eda936a48ec062a03ef8,67f9ed3f36a48ec062a03cec,67f9ed4536a48ec062a03d1b,67f9ed8e36a48ec062a03e78,1.7,Ducimus voluptas rerum aspernatur. Totam mollitia quas laborum at vero voluptate.,2025-04-08T17:35:00.189000,[]
67f9eda936a48ec062a03ef9,67f9ed3f36a48ec062a03ce1,67f9ed4536a48ec062a03d18,67f9ed6836a48ec062a03e11,1.9,Natus perspiciatis amet hic fugiat ut rem. Magnam expedita necessitatibus ad. Rerum asperiores voluptates nulla.,2025-04-11T20:55:56.818000,[]
67f9eda936a48ec062a03efa,67f9ed3f36a48ec062a03ce7,67f9ed4536a48ec062a03d19,67f9ed7b36a48ec062a03e44,2.8,Voluptatibus veniam quis recusandae reprehenderit repellat ad distinctio. Accusantium explicabo eaque sint ipsum placeat debitis. Delectus aliquam nihil non.,2025-04-05T23:37:43.502000,[]
67f9eda936a48ec062a03efb,67f9ed3f36a48ec062a03cfc,67f9ed4536a48ec062a03d21,67f9ed7d36a48ec062a03e49,2.2,Corporis odit commodi optio velit repellat iure. Provident sapiente deserunt expedita officia beatae quas.,2025-04-06T07:51:18.778000,[]
67f9eda936a48ec062a03efc,67f9ed3f36a48ec062a03cdd,67f9ed4536a48ec062a03d16,67f9ed8e36a48ec062a03e77,3.0,Dolor tempore nulla consequuntur nisi nulla dolores. Nihil repellendus dolorem.,2025-04-09T03:02:38.940000,[]
67f9eda936a48ec062a03efd,67f9ed3f36a48ec062a03cdc,67f9ed4536a48ec062a03d22,67f9ed7236a48ec062a03e2c,3.0,Ad esse provident alias incidunt dolore neque. Porro itaque hic sapiente voluptatum distinctio.,2025-04-03T09:10:18.550000,[]
67f9eda936a48ec062a03efe,67f9ed3f36a48ec062a03ce9,67f9ed4536a48ec062a03d1e,67f9ed7736a48ec062a03e3a,4.4,Dolore culpa quia reprehenderit fugit. Distinctio reprehenderit numquam numquam. Quasi iusto distinctio placeat animi perferendis eius. Voluptas cupiditate rem laudantium nesciunt aut labore voluptate.,2025-04-04T02:55:23.870000,[]
67f9edaa36a48ec062a03eff,67f9ed3f36a48ec062a03d0d,67f9ed4536a48ec062a03d18,67f9ed9b36a48ec062a03e9a,4.6,Vitae impedit quisquam. Rerum hic perferendis.,2025-04-03T23:17:58.163000,[]
67f9edaa36a48ec062a03f00,67f9ed3f36a48ec062a03ce7,67f9ed4536a48ec062a03d22,67f9ed9936a48ec062a03e95,4.7,Et quod quisquam. Rerum aspernatur temporibus. Commodi nesciunt libero. Reiciendis inventore ut autem atque qui laudantium.,2025-04-04T21:33:52.989000,[]
67f9edaa36a48ec062a03f01,67f9ed3f36a48ec062a03ce9,67f9ed4536a48ec062a03d1e,67f9ed6336a48ec062a03e02,3.8,Perspiciatis nam provident ullam expedita deleniti blanditiis. Voluptate ea consequuntur earum unde vel.,2025-04-03T04:45:49.350000,[]
67f9edaa36a48ec062a03f02,67f9ed3f36a48ec062a03cfd,67f9ed4536a48ec062a03d15,67f9ed6b36a48ec062a03e17,1.5,Enim vero facilis odit non dolores rem. Hic odio dicta esse ut. Dicta recusandae eos eaque velit cum.,2025-04-04T21:31:12.005000,[]
67f9edaa36a48ec062a03f03,67f9ed3f36a48ec062a03d00,67f9ed4536a48ec062a03d1e,67f9ed8336a48ec062a03e5b,3.8,Nam natus esse ad officiis voluptate. Culpa perspiciatis iure harum. Architecto earum et ullam totam dolorem qui molestiae.,2025-04-10T10:49:25.823000,[]
67f9edaa36a48ec062a03f04,67f9ed3f36a48ec062a03ce9,67f9ed4536a48ec062a03d1e,67f9ed7736a48ec062a03e3a,3.1,Quia harum quis incidunt. Aspernatur distinctio saepe exercitationem voluptatibus. Commodi deserunt minus doloribus.,2025-04-02T08:22:30.892000,[]
67f9edaa36a48ec062a03f05,67f9ed3f36a48ec062a03d08,67f9ed4536a48ec062a03d20,67f9ed8a36a48ec062a03e6c,4.8,Perspiciatis doloribus sequi accusantium reprehenderit. Beatae nesciunt pariatur sunt.,2025-04-02T12:15:03.102000,[]
67f9edab36a48ec062a03f06,67f9ed3f36a48ec062a03cf9,67f9ed4536a48ec062a03d1a,67f9ed9336a48ec062a03e86,1.6,Placeat recusandae eos unde aut. Aspernatur consectetur unde similique culpa ut facilis inventore.,2025-04-07T02:34:57.056000,[]
67f9edab36a48ec062a03f07,67f9ed3f36a48ec062a03ce7,67f9ed4536a48ec062a03d19,67f9ed7b36a48ec062a03e44,3.9,Ullam error tenetur quibusdam sint molestias. Facere adipisci culpa. Totam harum amet similique.,2025-04-11T22:25:05.430000,[]
67f9edab36a48ec062a03f08,67f9ed3f36a48ec062a03d00,67f9ed4536a48ec062a03d17,67f9ed9c36a48ec062a03e9d,4.3,Quis quae vel blanditiis quos occaecati consequatur porro. Vitae asperiores voluptatem iste quos minima.,2025-04-04T16:22:23.239000,[]
67f9edab36a48ec062a03f09,67f9ed3f36a48ec062a03d02,67f9ed4536a48ec062a03d13,67f9ed8236a48ec062a03e58,4.1,Optio similique blanditiis vitae eos ipsa aliquam. Voluptatibus et perspiciatis reiciendis impedit necessitatibus cumque. Dicta ad voluptate quos alias voluptas.,2025-04-10T09:36:03.220000,[]
67f9edab36a48ec062a03f0a,67f9ed3f36a48ec062a03d0e,67f9ed4536a48ec062a03d1e,67f9ed9536a48ec062a03e8c,2.6,Error beatae temporibus quod optio. Cupiditate in officia. Odio sed sunt cumque nulla commodi.,2025-04-07T17:35:38.940000,[]
67f9edab36a48ec062a03f0b,67f9ed3f36a48ec062a03cde,67f9ed4536a48ec062a03d1e,67f9ed8136a48ec062a03e56,3.0,Laborum quis dolorum quis facilis vero voluptatem.,2025-04-08T00:28:39.550000,[]
67f9edab36a48ec062a03f0c,67f9ed3f36a48ec062a03ced,67f9ed4536a48ec062a03d10,67f9ed7c36a48ec062a03e46,2.5,Impedit nostrum libero nisi perspiciatis aliquid. Minima iusto nisi. Aut praesentium quia possimus vitae.,2025-04-07T19:33:21.495000,[]
67f9edab36a48ec062a03f0d,67f9ed3f36a48ec062a03ce9,67f9ed4536a48ec062a03d1f,67f9ed6436a48ec062a03e06,2.4,Saepe totam blanditiis architecto repudiandae. Delectus consequuntur ut quis fuga.,2025-04-06T14:11:58.501000,[]
67f9edab36a48ec062a03f0e,67f9ed3f36a48ec062a03d08,67f9ed4536a48ec062a03d12,67f9ed8636a48ec062a03e64,3.7,Quam atque nobis assumenda laudantium delectus sit.,2025-04-06T02:38:14.322000,[]
67f9edac36a48ec062a03f0f,67f9ed3f36a48ec062a03d0b,67f9ed4536a48ec062a03d20,67f9ed9836a48ec062a03e93,5.0,Cum dolorem temporibus nemo odit.,2025-04-04T13:38:52.842000,[]
67f9edac36a48ec062a03f10,67f9ed3f36a48ec062a03cdb,67f9ed4536a48ec062a03d12,67f9ed5636a48ec062a03de0,2.3,Sed reiciendis praesentium. Dolorum ex fugit.,2025-04-01T18:28:34.659000,[]
67f9edac36a48ec062a03f11,67f9ed3f36a48ec062a03cf2,67f9ed4536a48ec062a03d20,67f9ed7b36a48ec062a03e45,2.9,Recusandae iusto occaecati ea. Perspiciatis nam nobis quo.,2025-04-09T02:07:11.943000,[]
67f9edac36a48ec062a03f12,67f9ed3f36a48ec062a03ced,67f9ed4536a48ec062a03d21,67f9ed6536a48ec062a03e09,1.5,Eaque facilis optio hic. Veritatis magni nulla impedit cumque corporis. Possimus fuga cupiditate.,2025-04-07T13:02:44.159000,[]
67f9edac36a48ec062a03f13,67f9ed3f36a48ec062a03cf8,67f9ed4536a48ec062a03d22,67f9ed7e36a48ec062a03e4c,3.3,Tempore cupiditate quasi nisi quasi ratione fugiat. Quasi doloremque blanditiis velit libero.,2025-04-09T06:02:40.432000,[]
67f9edac36a48ec062a03f14,67f9ed3f36a48ec062a03cda,67f9ed4536a48ec062a03d21,67f9ed8736a48ec062a03e66,4.8,Dolor amet dicta dolore. Illo delectus nobis perferendis nihil id deleniti ad.,2025-04-08T10:14:25.118000,[]
67f9edac36a48ec062a03f15,67f9ed3f36a48ec062a03cf4,67f9ed4536a48ec062a03d1f,67f9ed6736a48ec062a03e0d,2.0,Dolore maiores rem esse. Officia assumenda quas.,2025-04-09T17:13:46.487000,[]
67f9edac36a48ec062a03f16,67f9ed3f36a48ec062a03cf8,67f9ed4536a48ec062a03d22,67f9ed7e36a48ec062a03e4c,1.3,Sint dolor corrupti tempore totam corporis. Nisi est nam ipsa fuga. Tempora quis dolor vitae id dolorem.,2025-04-11T08:22:34.912000,[]
67f9edad36a48ec062a03f17,67f9ed3f36a48ec062a03ce1,67f9ed4536a48ec062a03d10,67f9ed9736a48ec062a03e90,3.0,Dolorum officiis id. Molestias mollitia quos architecto.,2025-04-07T00:09:52.094000,[]
67f9edad36a48ec062a03f18,67f9ed3f36a48ec062a03cdd,67f9ed4536a48ec062a03d16,67f9ed8e36a48ec062a03e77,1.6,Aliquid odio suscipit sint nobis. Exercitationem ea delectus perspiciatis voluptatem voluptates. Nobis quo commodi perferendis.,2025-04-07T00:17:51.958000,[]
67f9edad36a48ec062a03f19,67f9ed3f36a48ec062a03ce0,67f9ed4536a48ec062a03d1e,67f9ed5b36a48ec062a03ded,4.3,Molestias ab cum illo omnis. Distinctio similique quasi amet ipsa non.,2025-04-09T21:42:28.499000,[]
67f9edad36a48ec062a03f1a,67f9ed3f36a48ec062a03cec,67f9ed4536a48ec062a03d18,67f9ed8936a48ec062a03e6a,4.8,Perferendis quae blanditiis repellendus nostrum repellendus debitis. Facilis optio nobis eveniet voluptatum. Asperiores fugiat quod incidunt incidunt dolor. Odit porro iste sint deleniti accusantium nisi.,2025-04-08T12:50:38.098000,[]
67f9edad36a48ec062a03f1b,67f9ed3f36a48ec062a03ce1,67f9ed4536a48ec062a03d10,67f9ed9736a48ec062a03e90,3.3,Odio quia esse a sapiente itaque ipsum. Molestiae omnis debitis ipsum eligendi consequatur.,2025-04-06T08:14:07.119000,[]
67f9edad36a48ec062a03f1c,67f9ed3f36a48ec062a03ce9,67f9ed4536a48ec062a03d0f,67f9ed7f36a48ec062a03e51,2.7,Ducimus natus consequuntur velit. Tenetur alias quia aliquam corrupti doloremque veritatis.,2025-04-09T23:39:27.413000,[]
67f9edad36a48ec062a03f1d,67f9ed3f36a48ec062a03ce3,67f9ed4536a48ec062a03d22,67f9ed5d36a48ec062a03df2,2.5,Voluptatum iusto quam aliquam nihil quas nemo. Alias doloremque fugit laboriosam. Fuga repudiandae vel officiis nobis quae aperiam recusandae. Ad minima consectetur maiores molestias occaecati.,2025-04-04T16:02:55.375000,[]
67f9edad36a48ec062a03f1e,67f9ed3f36a48ec062a03ce1,67f9ed4536a48ec062a03d1e,67f9ed5536a48ec062a03ddf,2.2,Corrupti eaque officia blanditiis aliquam fuga. Sed illo sit illo ipsam.,2025-04-05T03:38:18.771000,[]
67f9edae36a48ec062a03f1f,67f9ed3f36a48ec062a03cde,67f9ed4536a48ec062a03d21,67f9ed6936a48ec062a03e13,4.1,Corrupti sed dolores itaque voluptas qui a temporibus. Voluptate iusto eaque nesciunt corrupti.,2025-04-03T00:39:58.782000,[]
67f9edae36a48ec062a03f20,67f9ed3f36a48ec062a03cf7,67f9ed4536a48ec062a03d17,67f9ed7636a48ec062a03e38,2.8,Nesciunt cum iste quibusdam neque dolor harum. Tempore incidunt voluptas nulla unde. Repellat quae fuga hic possimus dignissimos velit.,2025-04-08T04:36:38.196000,[]
67f9edae36a48ec062a03f21,67f9ed3f36a48ec062a03cfe,67f9ed4536a48ec062a03d18,67f9ed7336a48ec062a03e2e,1.8,Soluta ducimus deserunt sint distinctio magni dicta. Deserunt corrupti earum nemo minus. Deleniti id quasi cum.,2025-04-08T17:33:39.592000,[]
67f9edae36a48ec062a03f22,67f9ed3f36a48ec062a03ce6,67f9ed4536a48ec062a03d1b,67f9ed9636a48ec062a03e8d,2.6,Nulla autem quod similique ducimus. Reiciendis accusamus enim sequi et optio. Nisi veniam mollitia reiciendis error.,2025-04-02T10:06:29.787000,[]
67f9edae36a48ec062a03f23,67f9ed3f36a48ec062a03cef,67f9ed4536a48ec062a03d11,67f9ed5c36a48ec062a03df1,3.4,Illum nulla necessitatibus mollitia. Odio aut consequatur in.,2025-04-06T02:50:07.294000,[]
67f9edae36a48ec062a03f24,67f9ed3f36a48ec062a03cfa,67f9ed4536a48ec062a03d17,67f9ed7f36a48ec062a03e50,2.4,Architecto autem asperiores. Quia similique libero sunt explicabo quo sapiente. Aut nam blanditiis necessitatibus illo pariatur autem.,2025-04-11T06:43:03.206000,[]
67f9edaf36a48ec062a03f25,67f9ed3f36a48ec062a03cfa,67f9ed4536a48ec062a03d1f,67f9ed6036a48ec062a03dfa,3.6,Ullam quam aperiam beatae. Necessitatibus eaque architecto. Ipsa corporis dolores aliquam placeat rem minima.,2025-04-09T03:46:19.101000,[]
67f9edaf36a48ec062a03f26,67f9ed3f36a48ec062a03d0b,67f9ed4536a48ec062a03d21,67f9ed5836a48ec062a03de6,3.5,Nam deserunt rem iure incidunt beatae quia. Commodi quisquam magni nam dolorum possimus.,2025-04-09T16:02:33.097000,[]
67f9edaf36a48ec062a03f27,67f9ed3f36a48ec062a03cdf,67f9ed4536a48ec062a03d20,67f9ed9036a48ec062a03e7d,3.7,Laborum voluptatibus optio velit unde dolorem. Animi ducimus autem quis quibusdam in.,2025-04-03T04:51:29.210000,[]
67f9edaf36a48ec062a03f28,67f9ed3f36a48ec062a03cf6,67f9ed4536a48ec062a03d20,67f9ed6f36a48ec062a03e24,4.9,Alias eius consequuntur pariatur perspiciatis. Est omnis nisi unde suscipit vel architecto soluta. Omnis laborum necessitatibus pariatur.,2025-04-06T07:57:33.361000,[]
67f9edaf36a48ec062a03f29,67f9ed3f36a48ec062a03d0c,67f9ed4536a48ec062a03d1f,67f9ed8236a48ec062a03e5a,4.3,Fuga quos sapiente atque. Est eius nam.,2025-04-07T01:36:27.472000,[]
67f9edaf36a48ec062a03f2a,67f9ed3f36a48ec062a03cf5,67f9ed4536a48ec062a03d13,67f9ed7a36a48ec062a03e42,4.6,Dolorum aut culpa ratione. Quaerat quam omnis nam quibusdam rem odio. Saepe ab adipisci nostrum nemo.,2025-04-02T02:10:36.241000,[]
67f9edaf36a48ec062a03f2b,67f9ed3f36a48ec062a03cfc,67f9ed4536a48ec062a03d21,67f9ed7d36a48ec062a03e4b,1.9,Qui eos ullam eum alias id. Quos officia itaque alias fugiat. Autem cupiditate quae provident saepe illum exercitationem.,2025-04-07T00:21:50.035000,[]
67f9edb036a48ec062a03f2c,67f9ed3f36a48ec062a03ce7,67f9ed4536a48ec062a03d22,67f9ed9936a48ec062a03e95,2.3,Temporibus aperiam distinctio cum ducimus. Esse fugiat voluptas praesentium adipisci reprehenderit itaque.,2025-04-06T02:35:02.249000,[]
67f9edb036a48ec062a03f2d,67f9ed3f36a48ec062a03ce3,67f9ed4536a48ec062a03d1e,67f9ed9436a48ec062a03e89,2.3,Repellendus nihil repellat laudantium. Ut officia voluptatem possimus facilis neque. Debitis cum iure necessitatibus.,2025-04-07T05:59:21.269000,[]
67f9edb036a48ec062a03f2e,67f9ed3f36a48ec062a03cf8,67f9ed4536a48ec062a03d22,67f9ed7e36a48ec062a03e4c,3.9,Hic facilis ratione incidunt non nihil quasi repellat. Temporibus voluptatum accusamus asperiores sapiente fugit suscipit. Nesciunt molestiae explicabo numquam expedita ab.,2025-04-10T16:58:59.319000,[]
67f9edb036a48ec062a03f2f,67f9ed3f36a48ec062a03d06,67f9ed4536a48ec062a03d21,67f9ed7336a48ec062a03e2f,1.2,Ducimus facilis ab enim. Nobis molestias dolores.,2025-04-02T11:11:46.570000,[]
67f9edb036a48ec062a03f30,67f9ed3f36a48ec062a03cec,67f9ed4536a48ec062a03d1b,67f9ed8e36a48ec062a03e78,2.3,Autem quibusdam saepe quis recusandae perferendis suscipit. Laudantium voluptates expedita incidunt atque tenetur.,2025-04-03T23:02:40.854000,[]
67f9edb036a48ec062a03f31,67f9ed3f36a48ec062a03cf2,67f9ed4536a48ec062a03d1c,67f9ed6536a48ec062a03e08,4.5,Quas impedit quo possimus quam ipsa. Optio minus atque architecto incidunt vitae. Dolore doloremque consectetur blanditiis.,2025-04-10T02:06:30.824000,[]
67f9edb036a48ec062a03f32,67f9ed3f36a48ec062a03cf4,67f9ed4536a48ec062a03d1e,67f9ed9036a48ec062a03e7c,3.1,Eaque neque aperiam dolorum nam. Beatae assumenda nisi veritatis sed temporibus in. Consectetur similique minima quod quia. Molestias unde autem hic labore architecto tempora.,2025-04-08T01:45:47.843000,[]
67f9edb136a48ec062a03f33,67f9ed3f36a48ec062a03cfc,67f9ed4536a48ec062a03d14,67f9ed5b36a48ec062a03dee,4.3,Suscipit totam deserunt beatae harum impedit. Esse minus deserunt reprehenderit.,2025-04-09T01:08:47.110000,[]
67f9edb136a48ec062a03f34,67f9ed3f36a48ec062a03d08,67f9ed4536a48ec062a03d1e,67f9ed6b36a48ec062a03e19,3.5,Magni quos occaecati. Quae expedita corrupti.,2025-04-04T13:24:09.486000,[]
67f9edb136a48ec062a03f35,67f9ed3f36a48ec062a03d09,67f9ed4536a48ec062a03d1a,67f9ed9936a48ec062a03e96,1.1,Quam perspiciatis et illum animi. Assumenda nihil fuga error. Maxime illum ex nesciunt maiores.,2025-04-07T18:15:22.036000,[]
67f9edb136a48ec062a03f36,67f9ed3f36a48ec062a03cf4,67f9ed4536a48ec062a03d10,67f9ed6236a48ec062a03e01,2.9,Architecto omnis quae. Vel sequi suscipit possimus delectus debitis repudiandae. Porro repellendus minus asperiores exercitationem autem porro quidem.,2025-04-10T22:20:48.814000,[]
67f9edb136a48ec062a03f37,67f9ed3f36a48ec062a03cfa,67f9ed4536a48ec062a03d17,67f9ed7f36a48ec062a03e50,4.1,Eaque repellat sapiente aspernatur pariatur blanditiis. Blanditiis voluptatibus nam vero labore optio sit.,2025-04-10T20:53:21.361000,[]
67f9f2f2eb631ef2e63ae0c7,67f9f28aeb631ef2e63ade59,67f9ed4536a48ec062a03d1c,67f9f2a7eb631ef2e63ae013,2.5,Quaerat quasi non voluptatum. Cum dolorem voluptates sunt ipsam.,2025-04-02T13:48:59.170000,[]
67f9f2f2eb631ef2e63ae0c8,67f9f28aeb631ef2e63ade54,67f9f28beb631ef2e63ade91,67f9f2b7eb631ef2e63ae038,3.4,Error libero deleniti omnis sapiente tempora. Quod vero fugiat facere illum. Recusandae atque corrupti illo facilis suscipit.,2025-04-06T05:15:37.970000,[]
67f9f2f2eb631ef2e63ae0c9,67f9ed3f36a48ec062a03ce9,67f9ed4536a48ec062a03d10,67f9f2bfeb631ef2e63ae04e,4.2,Ipsam expedita voluptas. Officia modi nesciunt reiciendis consequatur ducimus soluta.,2025-04-01T17:55:51.853000,[]
67f9f2f2eb631ef2e63ae0ca,67f9ed3f36a48ec062a03ceb,67f9ed4536a48ec062a03d1e,67f9ed6736a48ec062a03e0e,4.1,Ratione consequatur tempora debitis ut. Reiciendis nam minus iusto rerum. Tenetur et esse hic nemo natus nemo.,2025-04-10T05:29:50.587000,[]
67f9f2f3eb631ef2e63ae0cb,67f9ed3f36a48ec062a03cec,67f9f28beb631ef2e63ade94,67f9f2c9eb631ef2e63ae064,2.1,Aliquam fuga perferendis est illo incidunt.,2025-04-11T13:03:22.480000,[]
67f9f2f3eb631ef2e63ae0cc,67f9ed3f36a48ec062a03cda,67f9ed4536a48ec062a03d20,67f9ed7036a48ec062a03e26,2.0,Iste sunt neque. Exercitationem voluptatum perspiciatis unde.,2025-04-04T07:02:48.600000,[]
67f9f2f3eb631ef2e63ae0cd,67f9f28aeb631ef2e63ade55,67f9f28beb631ef2e63ade8d,67f9f2cdeb631ef2e63ae06f,1.8,Voluptate accusantium vitae sunt. Minima sint consequuntur inventore eius. Iste omnis ratione quod.,2025-04-01T13:02:08.609000,[]
67f9f2f3eb631ef2e63ae0ce,67f9f28aeb631ef2e63ade77,67f9ed4536a48ec062a03d1f,67f9f2b9eb631ef2e63ae03d,1.0,Officia sequi beatae ipsam. Illo enim libero itaque nemo consequatur. Neque tempore modi voluptatum excepturi.,2025-04-04T00:19:58.969000,[]
67f9f2f3eb631ef2e63ae0cf,67f9f28aeb631ef2e63ade77,67f9f28beb631ef2e63ade9c,67f9f2e6eb631ef2e63ae0aa,4.4,Illum illo amet quas cum consequatur tenetur. Sunt asperiores optio quae beatae. Sunt numquam ex.,2025-04-01T03:48:58.964000,[]
67f9f2f3eb631ef2e63ae0d0,67f9f28aeb631ef2e63ade7d,67f9f28beb631ef2e63ade8a,67f9f2c8eb631ef2e63ae061,1.6,Numquam aperiam temporibus beatae. Nesciunt repellat praesentium corporis veritatis veniam.,2025-04-04T13:52:44.104000,[]
67f9f2f3eb631ef2e63ae0d1,67f9ed3f36a48ec062a03cda,67f9ed4536a48ec062a03d21,67f9ed8736a48ec062a03e66,2.1,Sapiente quae ex asperiores. Repudiandae recusandae explicabo eum delectus voluptatum libero. Impedit soluta odit quae doloribus. Eveniet dolorem quam officiis eveniet nobis eaque.,2025-04-07T15:57:56.644000,[]
67f9f2f3eb631ef2e63ae0d2,67f9ed3f36a48ec062a03d08,67f9ed4536a48ec062a03d1e,67f9ed6b36a48ec062a03e19,3.8,Eaque soluta molestias nam illum necessitatibus. Molestiae reiciendis ut.,2025-04-04T22:07:35.524000,[]
67f9f2f3eb631ef2e63ae0d3,67f9ed3f36a48ec062a03d02,67f9ed4536a48ec062a03d12,67f9ed5836a48ec062a03de7,1.6,Ea saepe nobis soluta totam recusandae. Doloremque error natus ipsam excepturi beatae. Magnam quasi adipisci nisi iste eius.,2025-04-03T14:09:08.547000,[]
67f9f2f3eb631ef2e63ae0d4,67f9ed3f36a48ec062a03ceb,67f9ed4536a48ec062a03d1e,67f9ed6736a48ec062a03e0e,1.5,Quasi totam fuga at. Iusto delectus tenetur unde libero. Nostrum laborum perspiciatis id. Sit mollitia quibusdam amet eius.,2025-04-05T05:26:57.646000,[]
67f9f2f4eb631ef2e63ae0d5,67f9ed3f36a48ec062a03ce5,67f9ed4536a48ec062a03d10,67f9ed7d36a48ec062a03e4a,1.2,Ab deserunt similique praesentium repellat rerum. Reiciendis assumenda dolore maxime perferendis deleniti.,2025-04-02T20:56:37.285000,[]
67f9f2f4eb631ef2e63ae0d6,67f9ed3f36a48ec062a03cf6,67f9ed4536a48ec062a03d1e,67f9ed7636a48ec062a03e37,3.0,Dolorum a in fugit voluptatum quas. Nobis non recusandae veritatis ratione. Suscipit voluptatem debitis inventore repellendus praesentium. Atque officiis consectetur nam doloremque numquam delectus.,2025-04-08T00:37:35.076000,[]
67f9f2f4eb631ef2e63ae0d7,67f9f28aeb631ef2e63ade77,67f9f28beb631ef2e63ade95,67f9f2c4eb631ef2e63ae058,3.7,Dolor fugiat corporis debitis impedit quaerat. Nam autem sunt iste laboriosam distinctio. Earum nisi ducimus magnam ad quas.,2025-04-04T16:50:18.863000,[]
67f9f2f4eb631ef2e63ae0d8,67f9ed3f36a48ec062a03cf6,67f9f28beb631ef2e63ade8e,67f9f2ebeb631ef2e63ae0b8,3.2,Distinctio quas perferendis nulla. Explicabo iusto labore officiis eius. Illum molestiae non voluptatem.,2025-04-11T19:41:47.220000,[]
67f9f2f4eb631ef2e63ae0d9,67f9ed3f36a48ec062a03d09,67f9ed4536a48ec062a03d18,67f9f2aaeb631ef2e63ae01a,1.3,Consequatur excepturi repudiandae.,2025-04-09T06:53:41.121000,[]
67f9f2f4eb631ef2e63ae0da,67f9ed3f36a48ec062a03ce7,67f9f28beb631ef2e63ade98,67f9f2efeb631ef2e63ae0c0,2.9,Eum ab tempore ea illo.,2025-04-06T00:12:07.674000,[]
67f9f2f4eb631ef2e63ae0db,67f9ed3f36a48ec062a03cee,67f9ed4536a48ec062a03d1c,67f9f2a6eb631ef2e63ae011,1.2,Temporibus nemo asperiores tenetur illum illo blanditiis. Dolorem minima impedit explicabo nobis quos.,2025-04-01T08:49:26.032000,[]
67f9f2f4eb631ef2e63ae0dc,67f9ed3f36a48ec062a03cfe,67f9ed4536a48ec062a03d18,67f9ed7336a48ec062a03e2e,5.0,Voluptas molestias cupiditate eos. Dolores blanditiis ea tempora.,2025-04-04T17:59:55.298000,[]
67f9f2f4eb631ef2e63ae0dd,67f9ed3f36a48ec062a03d06,67f9f28beb631ef2e63ade8b,67f9f2edeb631ef2e63ae0bd,4.5,Inventore illo ab id accusantium accusamus assumenda sint. Animi amet vel ullam quo quae.,2025-04-10T05:18:44.752000,[]
67f9f2f4eb631ef2e63ae0de,67f9f28aeb631ef2e63ade56,67f9f28beb631ef2e63ade90,67f9f2a0eb631ef2e63ae004,1.8,Non perspiciatis molestias consequatur debitis. Architecto architecto odio reiciendis officiis. Necessitatibus tempore sit consequatur a fuga.,2025-04-11T12:26:59.230000,[]
67f9f2f4eb631ef2e63ae0df,67f9ed3f36a48ec062a03cf4,67f9ed4536a48ec062a03d1f,67f9ed6736a48ec062a03e0d,3.1,Cum delectus modi harum odit porro. In natus possimus voluptatibus perspiciatis enim omnis hic. Perferendis quisquam vitae nemo nihil. Recusandae aut quos rerum pariatur laboriosam maxime ipsum.,2025-04-03T03:37:12.699000,[]
67f9f2f5eb631ef2e63ae0e0,67f9f28aeb631ef2e63ade5a,67f9ed4536a48ec062a03d16,67f9f2ceeb631ef2e63ae071,2.9,Nam cumque et cupiditate occaecati. Est asperiores dignissimos blanditiis quidem fuga alias.,2025-04-08T08:59:56.870000,[]
67f9f2f5eb631ef2e63ae0e1,67f9ed3f36a48ec062a03cf5,67f9ed4536a48ec062a03d10,67f9ed7536a48ec062a03e35,1.8,Voluptatem saepe soluta provident. Quo voluptate nulla.,2025-04-06T12:33:59.735000,[]
67f9f2f5eb631ef2e63ae0e2,67f9ed3f36a48ec062a03cdf,67f9ed4536a48ec062a03d19,67f9ed6736a48ec062a03e0f,3.9,Nobis tempora sequi nostrum.,2025-04-06T10:50:30.261000,[]
67f9f2f5eb631ef2e63ae0e3,67f9ed3f36a48ec062a03cf5,67f9f28beb631ef2e63ade8e,67f9f2cbeb631ef2e63ae06a,3.2,Porro fugiat consequatur tempora eum.,2025-04-06T02:07:26.819000,[]
67f9f2f5eb631ef2e63ae0e4,67f9ed3f36a48ec062a03d08,67f9f28beb631ef2e63ade8e,67f9f2deeb631ef2e63ae096,2.5,Rem corrupti nisi. Eius accusamus itaque animi.,2025-04-07T22:40:59.722000,[]
67f9f2f5eb631ef2e63ae0e5,67f9ed3f36a48ec062a03cf0,67f9ed4536a48ec062a03d12,67f9f2a9eb631ef2e63ae019,4.9,Nemo dolores assumenda voluptas sequi suscipit cum. Placeat cum aliquam nesciunt distinctio.,2025-04-02T16:31:32.833000,[]
67f9f2f5eb631ef2e63ae0e6,67f9f28aeb631ef2e63ade71,67f9f28beb631ef2e63ade94,67f9f2d2eb631ef2e63ae07a,1.9,Est occaecati explicabo quos vero. Rerum mollitia repudiandae dolore maxime.,2025-04-02T11:38:35.684000,[]
67f9f2f5eb631ef2e63ae0e7,67f9f28aeb631ef2e63ade63,67f9ed4536a48ec062a03d1f,67f9f2abeb631ef2e63ae01d,3.0,Dicta accusamus culpa fugiat blanditiis. Magnam dignissimos molestias iste tenetur. Excepturi amet harum molestias repellat amet.,2025-04-07T16:54:59.317000,[]
67f9f2f5eb631ef2e63ae0e8,67f9ed3f36a48ec062a03cfc,67f9ed4536a48ec062a03d1b,67f9ed6336a48ec062a03e03,3.2,Accusamus non odit reiciendis maiores accusantium neque ab. Hic nobis sequi voluptas. Laborum id ratione minus veritatis.,2025-04-03T19:19:28.354000,[]
67f9f2f6eb631ef2e63ae0e9,67f9f28aeb631ef2e63ade7a,67f9f28beb631ef2e63ade9c,67f9f2eaeb631ef2e63ae0b3,4.4,Accusantium nobis illum minus magni incidunt blanditiis. Consectetur odio ratione quibusdam hic animi. Officia aperiam provident placeat tempora placeat in.,2025-04-09T17:40:03.721000,[]
67f9f2f6eb631ef2e63ae0ea,67f9f28aeb631ef2e63ade52,67f9ed4536a48ec062a03d12,67f9f2b2eb631ef2e63ae02e,3.5,Eligendi hic excepturi provident reiciendis. Praesentium neque quia cupiditate quis blanditiis beatae. Deleniti magni itaque quasi magnam odit eum.,2025-04-05T18:55:50.421000,[]
67f9f2f6eb631ef2e63ae0eb,67f9ed3f36a48ec062a03cf4,67f9ed4536a48ec062a03d1e,67f9ed9036a48ec062a03e7c,1.8,Beatae quisquam ducimus iste dicta.,2025-04-11T06:06:17.842000,[]
67f9f2f6eb631ef2e63ae0ec,67f9ed3f36a48ec062a03ce8,67f9f28beb631ef2e63ade9a,67f9f2eceb631ef2e63ae0ba,2.7,Rem quis laudantium molestiae itaque quos cumque.,2025-04-08T18:29:03.920000,[]
67f9f2f6eb631ef2e63ae0ed,67f9ed3f36a48ec062a03d0b,67f9ed4536a48ec062a03d20,67f9ed9836a48ec062a03e93,2.1,Occaecati veritatis qui excepturi.,2025-04-07T23:52:12.036000,[]
67f9f2f6eb631ef2e63ae0ee,67f9ed3f36a48ec062a03ce3,67f9ed4536a48ec062a03d12,67f9ed9236a48ec062a03e82,1.9,Repudiandae similique quaerat ducimus deleniti non. Corrupti ducimus alias. Culpa sunt blanditiis aliquam vitae sapiente reprehenderit.,2025-04-09T23:16:34.408000,[]
67f9f2f6eb631ef2e63ae0ef,67f9ed3f36a48ec062a03ce0,67f9ed4536a48ec062a03d22,67f9ed6136a48ec062a03dfc,2.8,Facere velit dolorum. Fugit odio amet voluptatem asperiores. Minus nesciunt excepturi labore similique.,2025-04-04T09:42:37.863000,[]
67f9f2f6eb631ef2e63ae0f0,67f9ed3f36a48ec062a03d06,67f9ed4536a48ec062a03d22,67f9ed8036a48ec062a03e54,4.7,Suscipit recusandae incidunt impedit perspiciatis expedita voluptatum. Optio porro aut nihil suscipit animi distinctio excepturi. Veritatis molestiae atque sit debitis ab tenetur.,2025-04-03T17:28:07.703000,[]
67f9f2f7eb631ef2e63ae0f1,67f9ed3f36a48ec062a03cdf,67f9ed4536a48ec062a03d20,67f9ed9036a48ec062a03e7d,2.6,Officiis deserunt modi nam aut fugiat consequuntur. Error inventore quisquam ipsam voluptatem praesentium dolorem. Fuga dolores sequi.,2025-04-11T03:27:02.528000,[]
67f9f2f7eb631ef2e63ae0f2,67f9f28aeb631ef2e63ade80,67f9ed4536a48ec062a03d19,67f9f2c6eb631ef2e63ae05e,4.0,Rem voluptatibus praesentium laboriosam.,2025-04-02T00:02:27.394000,[]
67f9f2f7eb631ef2e63ae0f3,67f9f28aeb631ef2e63ade61,67f9f28beb631ef2e63ade96,67f9f2eceb631ef2e63ae0b9,2.3,Voluptatum quae expedita magnam ex iure culpa. Soluta nemo quo impedit dolore nam corrupti libero.,2025-04-03T05:27:11.129000,[]
67f9f2f7eb631ef2e63ae0f4,67f9ed3f36a48ec062a03cf6,67f9ed4536a48ec062a03d1a,67f9ed7136a48ec062a03e29,1.8,Consequatur illum eligendi quas. Vitae voluptatem deserunt accusantium.,2025-04-06T21:22:28.541000,[]
67f9f2f7eb631ef2e63ae0f5,67f9ed3f36a48ec062a03d06,67f9ed4536a48ec062a03d12,67f9ed8b36a48ec062a03e6d,4.4,Voluptatem corporis labore voluptas. Maiores voluptas hic ab voluptate.,2025-04-09T01:23:43.864000,[]
67f9f2f7eb631ef2e63ae0f6,67f9f28aeb631ef2e63ade77,67f9ed4536a48ec062a03d12,67f9f2d6eb631ef2e63ae086,3.1,Cumque error quae reiciendis eos at. Consectetur cumque consequatur magni laborum provident.,2025-04-06T17:25:54.525000,[]
67f9f2f7eb631ef2e63ae0f7,67f9ed3f36a48ec062a03cdc,67f9ed4536a48ec062a03d22,67f9ed8536a48ec062a03e61,1.9,Aspernatur accusantium velit. Ut ipsa recusandae nobis. Soluta sed sunt voluptatibus. Expedita tempora fuga architecto veritatis temporibus omnis.,2025-04-03T15:16:53.513000,[]
67f9f2f8eb631ef2e63ae0f8,67f9ed3f36a48ec062a03ce0,67f9ed4536a48ec062a03d22,67f9ed6136a48ec062a03dfc,1.5,Quis impedit necessitatibus dignissimos laborum. Laborum quod quod ipsum doloribus molestiae. Consequatur qui commodi assumenda similique distinctio velit.,2025-04-06T02:55:43.154000,[]
67f9f2f8eb631ef2e63ae0f9,67f9ed3f36a48ec062a03cea,67f9ed4536a48ec062a03d1c,67f9ed7c36a48ec062a03e48,2.7,Officiis nam dolores earum dolorem mollitia adipisci. Fugit incidunt culpa adipisci ipsa eum. Ad a hic quis laudantium animi.,2025-04-07T04:26:49.429000,[]
67f9f2f8eb631ef2e63ae0fa,67f9ed3f36a48ec062a03cdf,67f9ed4536a48ec062a03d19,67f9ed6736a48ec062a03e0f,1.6,Temporibus veniam veritatis perspiciatis ipsa laboriosam laboriosam.,2025-04-11T16:40:29.371000,[]
67f9f2f8eb631ef2e63ae0fb,67f9f28aeb631ef2e63ade61,67f9f28beb631ef2e63ade96,67f9f2eceb631ef2e63ae0b9,4.1,Doloribus quos molestiae harum perferendis ipsa. Nesciunt assumenda voluptates at tenetur ut.,2025-04-04T17:56:35.920000,[]
67f9f2f8eb631ef2e63ae0fc,67f9ed3f36a48ec062a03cea,67f9ed4536a48ec062a03d1c,67f9ed7c36a48ec062a03e48,4.3,Voluptates iste architecto error quibusdam. Veniam esse ipsa culpa occaecati fugiat deleniti. Est adipisci quasi voluptates eligendi et numquam.,2025-04-06T23:52:13.819000,[]
67f9f2f8eb631ef2e63ae0fd,67f9ed3f36a48ec062a03d07,67f9ed4536a48ec062a03d17,67f9ed5c36a48ec062a03df0,3.4,Libero rem iste eligendi laboriosam distinctio tempora animi. Facere praesentium officia magni id. Blanditiis error explicabo atque.,2025-04-08T23:07:59.186000,[]
67f9f2f8eb631ef2e63ae0fe,67f9f28aeb631ef2e63ade80,67f9f28beb631ef2e63ade95,67f9f2ceeb631ef2e63ae072,2.6,Voluptates reiciendis cum. Eum suscipit doloribus commodi amet accusamus quam velit. Possimus enim eos numquam nisi deserunt.,2025-04-11T07:27:21.145000,[]
67f9f2f8eb631ef2e63ae0ff,67f9f28aeb631ef2e63ade58,67f9ed4536a48ec062a03d10,67f9f2c1eb631ef2e63ae053,4.1,Architecto ipsam autem architecto suscipit provident. Nisi illum iure molestias ipsa pariatur.,2025-04-04T04:22:02.623000,[]
67f9f2f9eb631ef2e63ae100,67f9ed3f36a48ec062a03d01,67f9ed4536a48ec062a03d1d,67f9ed6836a48ec062a03e10,1.2,Perferendis odio cum rerum occaecati natus suscipit. Natus ex repellendus mollitia et.,2025-04-02T18:16:31.851000,[]
67f9f2f9eb631ef2e63ae101,67f9ed3f36a48ec062a03cf9,67f9ed4536a48ec062a03d1a,67f9ed9336a48ec062a03e86,4.1,Maxime ex repudiandae debitis rem quisquam. A dolor suscipit pariatur assumenda tenetur. Quaerat dolorem corrupti unde recusandae reiciendis.,2025-04-05T18:28:30.029000,[]
67f9f2f9eb631ef2e63ae102,67f9ed3f36a48ec062a03cf2,67f9ed4536a48ec062a03d20,67f9ed7b36a48ec062a03e45,3.0,Sequi incidunt repellendus ipsa optio aliquam.,2025-04-05T20:01:54.158000,[]
67f9f2f9eb631ef2e63ae103,67f9ed3f36a48ec062a03cfc,67f9ed4536a48ec062a03d14,67f9ed5b36a48ec062a03dee,2.4,Eum debitis sequi eveniet veritatis incidunt dolorum. Eius voluptas reiciendis aspernatur. Eius eligendi voluptate.,2025-04-09T01:48:08.688000,[]
67f9f2f9eb631ef2e63ae104,67f9ed3f36a48ec062a03ce1,67f9ed4536a48ec062a03d1c,67f9ed6536a48ec062a03e0a,3.1,Similique recusandae similique assumenda ut.,2025-04-11T08:30:49.429000,[]
67f9f2f9eb631ef2e63ae105,67f9ed3f36a48ec062a03cef,67f9ed4536a48ec062a03d22,67f9ed6d36a48ec062a03e1d,2.7,Minima aliquid cumque amet corrupti quis. Dolores officiis saepe nobis in neque.,2025-04-02T14:52:11.798000,[]
67f9f2f9eb631ef2e63ae106,67f9ed3f36a48ec062a03ce9,67f9ed4536a48ec062a03d10,67f9f2bfeb631ef2e63ae04e,1.1,Perspiciatis inventore accusamus eum consectetur ipsa amet. Architecto repellat quaerat corrupti.,2025-04-05T18:20:35.805000,[]
67f9f2f9eb631ef2e63ae107,67f9ed3f36a48ec062a03cfd,67f9ed4536a48ec062a03d0f,67f9ed5f36a48ec062a03df8,3.5,Ipsa ex soluta odit veritatis laudantium possimus autem. Velit iste omnis earum fuga officia. Veritatis nostrum dicta sed aut esse eius. Velit molestias similique suscipit cum possimus cum cum.,2025-04-11T10:10:02.708000,[]
67f9f2f9eb631ef2e63ae108,67f9ed3f36a48ec062a03d09,67f9ed4536a48ec062a03d1f,67f9ed6a36a48ec062a03e16,3.2,Voluptatem impedit debitis laboriosam.,2025-04-11T16:12:06.503000,[]
67f9f2faeb631ef2e63ae109,67f9ed3f36a48ec062a03cff,67f9ed4536a48ec062a03d14,67f9f2d7eb631ef2e63ae088,1.6,Accusantium recusandae eius eos accusamus modi odio vitae. Sapiente eligendi consequuntur voluptate adipisci. Expedita eligendi doloribus ipsam.,2025-04-01T10:25:54.931000,[]
67f9f2faeb631ef2e63ae10a,67f9ed3f36a48ec062a03ce4,67f9ed4536a48ec062a03d11,67f9ed6f36a48ec062a03e22,1.3,Aut vero vero deleniti. Perspiciatis maiores tempore ipsam rem. Accusantium est blanditiis sunt reprehenderit reprehenderit.,2025-04-09T05:33:28.897000,[]
67f9f2faeb631ef2e63ae10b,67f9ed3f36a48ec062a03cf5,67f9f28beb631ef2e63ade8e,67f9f2cbeb631ef2e63ae06a,3.1,Nemo harum atque corporis recusandae. Distinctio optio mollitia earum nesciunt molestias ratione.,2025-04-03T18:53:03.993000,[]
67f9f2faeb631ef2e63ae10c,67f9ed3f36a48ec062a03cef,67f9ed4536a48ec062a03d11,67f9ed5c36a48ec062a03df1,4.6,Explicabo eum culpa. Autem ipsam quisquam dolores officiis. Error non vel praesentium sit ipsum.,2025-04-09T18:17:34.524000,[]
67f9f2faeb631ef2e63ae10d,67f9ed3f36a48ec062a03d05,67f9ed4536a48ec062a03d13,67f9ed7536a48ec062a03e33,4.8,Repellat eius explicabo recusandae deleniti.,2025-04-04T15:59:19.392000,[]
67f9f2faeb631ef2e63ae10e,67f9f28aeb631ef2e63ade5f,67f9ed4536a48ec062a03d1b,67f9f2c4eb631ef2e63ae059,2.1,Soluta officiis non eligendi delectus. Porro accusamus magni voluptatem. Illo dignissimos omnis laborum excepturi corrupti.,2025-04-04T03:23:23.030000,[]
67f9f2faeb631ef2e63ae10f,67f9ed3f36a48ec062a03cff,67f9ed4536a48ec062a03d14,67f9ed8036a48ec062a03e52,2.8,Voluptatum officia doloremque. Consequuntur rem velit vero consequuntur.,2025-04-07T20:27:03.521000,[]
67f9f2faeb631ef2e63ae110,67f9ed3f36a48ec062a03d00,67f9ed4536a48ec062a03d1e,67f9ed8336a48ec062a03e5b,4.4,Nihil incidunt voluptatum repudiandae laborum. Animi debitis nihil. Incidunt exercitationem odit.,2025-04-08T05:11:21.461000,[]
67f9f2fbeb631ef2e63ae111,67f9ed3f36a48ec062a03ce8,67f9ed4536a48ec062a03d20,67f9ed8d36a48ec062a03e75,1.9,Debitis vel inventore voluptatibus. Quos libero repudiandae illo. Adipisci quasi numquam harum aperiam iure vero.,2025-04-08T09:54:15.139000,[]
67f9f2fbeb631ef2e63ae112,67f9f28aeb631ef2e63ade6b,67f9ed4536a48ec062a03d16,67f9f2eeeb631ef2e63ae0bf,2.2,Quaerat nobis sit architecto esse. Odit soluta labore dolorem minus nisi. Porro impedit reprehenderit illum voluptas iure aliquid.,2025-04-08T06:44:58.714000,[]
67f9f2fbeb631ef2e63ae113,67f9f28aeb631ef2e63ade74,67f9f28beb631ef2e63ade8a,67f9f2a4eb631ef2e63ae00c,2.6,Necessitatibus illo iste tempora non minima. Architecto temporibus neque officia consectetur.,2025-04-07T14:10:50.693000,[]
67f9f2fbeb631ef2e63ae114,67f9ed3f36a48ec062a03d08,67f9f28beb631ef2e63ade8f,67f9f2b4eb631ef2e63ae031,1.6,Provident assumenda illo numquam labore. Illo excepturi ratione nihil excepturi.,2025-04-08T18:46:14.878000,[]
67f9f2fbeb631ef2e63ae115,67f9ed3f36a48ec062a03d00,67f9ed4536a48ec062a03d17,67f9ed9c36a48ec062a03e9d,3.7,Assumenda fuga modi dolorem distinctio.,2025-04-11T19:45:02.599000,[]
67f9f2fbeb631ef2e63ae116,67f9ed3f36a48ec062a03d00,67f9ed4536a48ec062a03d1c,67f9ed7836a48ec062a03e3d,4.0,Odit sunt ipsa dolorum molestiae. Accusamus minima officia quo.,2025-04-03T14:28:19.945000,[]
67f9f2fceb631ef2e63ae117,67f9f28aeb631ef2e63ade60,67f9ed4536a48ec062a03d11,67f9f2cceb631ef2e63ae06c,1.6,Nemo illo sequi repudiandae delectus enim. Minima mollitia sunt minima architecto ex in. Quam ducimus incidunt eligendi. Corrupti dicta voluptates dolorem eligendi.,2025-04-06T11:46:26.507000,[]
67f9f2fceb631ef2e63ae118,67f9ed3f36a48ec062a03d02,67f9ed4536a48ec062a03d10,67f9ed9a36a48ec062a03e97,4.3,Atque nulla suscipit maxime reiciendis laborum nihil. Nihil non et quae quia.,2025-04-02T06:11:40.178000,[]
67f9f2fceb631ef2e63ae119,67f9ed3f36a48ec062a03d02,67f9ed4536a48ec062a03d12,67f9ed5836a48ec062a03de7,4.4,Tenetur rerum est aperiam impedit minus. Voluptate unde error enim sed qui excepturi. Recusandae reprehenderit sapiente ea accusantium dolorem. Enim placeat quisquam voluptas.,2025-04-08T20:29:16.684000,[]
67f9f2fceb631ef2e63ae11a,67f9ed3f36a48ec062a03ce2,67f9f28beb631ef2e63ade89,67f9f2daeb631ef2e63ae08e,3.3,Culpa officiis id impedit odit ullam quam. Aliquid id eos. Minima dolor repudiandae quam reiciendis sed.,2025-04-10T04:13:28.615000,[]
67f9f2fceb631ef2e63ae11b,67f9ed3f36a48ec062a03ceb,67f9ed4536a48ec062a03d1e,67f9ed6736a48ec062a03e0e,1.4,Ex exercitationem sed eius.,2025-04-04T09:21:24.645000,[]
67f9f2fceb631ef2e63ae11c,67f9ed3f36a48ec062a03ce8,67f9ed4536a48ec062a03d20,67f9ed8d36a48ec062a03e75,2.3,Repellat nostrum odit ut quam cupiditate.,2025-04-11T22:00:16.149000,[]
67f9f2fceb631ef2e63ae11d,67f9f28aeb631ef2e63ade73,67f9f28beb631ef2e63ade91,67f9f2e9eb631ef2e63ae0b1,4.1,Rerum in quidem enim ad. Ullam assumenda suscipit eum accusamus voluptatum. Maiores quis numquam repudiandae amet recusandae quisquam.,2025-04-09T07:49:13.700000,[]
67f9f2fceb631ef2e63ae11e,67f9ed3f36a48ec062a03cf7,67f9f28beb631ef2e63ade94,67f9f2d1eb631ef2e63ae079,2.3,Sunt omnis eius deserunt doloribus temporibus voluptatibus. Enim molestias officia quas mollitia.,2025-04-04T11:15:44.410000,[]
67f9f2fceb631ef2e63ae11f,67f9ed3f36a48ec062a03ced,67f9ed4536a48ec062a03d22,67f9ed9c36a48ec062a03e9f,2.8,Qui eos iste eligendi laboriosam explicabo velit. Eos reprehenderit architecto perspiciatis beatae quos ex. Ea ex numquam.,2025-04-01T08:15:46.808000,[]
67f9f2fceb631ef2e63ae120,67f9ed3f36a48ec062a03ce0,67f9ed4536a48ec062a03d0f,67f9ed8f36a48ec062a03e7a,2.3,Temporibus delectus enim. Minima ipsam et doloremque quam.,2025-04-01T06:55:48.182000,[]
67f9f2fdeb631ef2e63ae121,67f9ed3f36a48ec062a03cf1,67f9ed4536a48ec062a03d17,67f9f2dbeb631ef2e63ae08f,2.8,Corporis facere eum aliquam provident. Praesentium ipsum esse voluptatem nobis. Commodi odit illo totam ad. Nisi saepe ab expedita perferendis quidem.,2025-04-07T01:29:00.118000,[]
67f9f2fdeb631ef2e63ae122,67f9ed3f36a48ec062a03d04,67f9ed4536a48ec062a03d11,67f9ed5936a48ec062a03de8,1.8,Odio rem quaerat atque magni quia laboriosam. Quos id dicta iusto nesciunt ipsum esse. Libero praesentium quis mollitia quibusdam.,2025-04-08T22:07:06.008000,[]
67f9f2fdeb631ef2e63ae123,67f9ed3f36a48ec062a03cdc,67f9ed4536a48ec062a03d22,67f9ed7236a48ec062a03e2c,2.3,Fuga tenetur error labore fugit. Ratione dignissimos nisi deleniti. Labore laudantium a.,2025-04-08T13:46:24.322000,[]
67f9f2fdeb631ef2e63ae124,67f9ed3f36a48ec062a03cf6,67f9ed4536a48ec062a03d1a,67f9ed7136a48ec062a03e29,3.4,Ducimus natus expedita ab soluta. Illo assumenda sequi illo animi possimus pariatur suscipit.,2025-04-05T16:07:19.583000,[]
67f9f2fdeb631ef2e63ae125,67f9ed3f36a48ec062a03cec,67f9ed4536a48ec062a03d10,67f9ed8036a48ec062a03e53,2.4,Eveniet quo quidem fuga. Illo autem dignissimos odio.,2025-04-05T10:45:30.481000,[]
67f9f2fdeb631ef2e63ae126,67f9ed3f36a48ec062a03ceb,67f9ed4536a48ec062a03d10,67f9ed5e36a48ec062a03df5,3.3,Sed iure quibusdam corporis maiores sunt. Error asperiores doloribus commodi. Molestiae fugiat quisquam nihil corporis in delectus.,2025-04-01T14:36:08.846000,[]
67f9f2fdeb631ef2e63ae127,67f9ed3f36a48ec062a03ce9,67f9ed4536a48ec062a03d10,67f9f2bfeb631ef2e63ae04e,1.4,Ipsa tempore nobis. Incidunt dolore eos perferendis hic nulla iusto. Ratione corrupti cumque doloremque.,2025-04-08T14:01:34.390000,[]
67f9f2fdeb631ef2e63ae128,67f9f28aeb631ef2e63ade54,67f9f28beb631ef2e63ade8b,67f9f2edeb631ef2e63ae0bb,4.3,Facere asperiores delectus corporis. Odio doloribus nulla placeat. Quod qui est.,2025-04-09T07:52:45.449000,[]
67f9f2fdeb631ef2e63ae129,67f9ed3f36a48ec062a03ce7,67f9ed4536a48ec062a03d22,67f9ed9936a48ec062a03e95,3.9,Nostrum repudiandae quos exercitationem eligendi veritatis. Veritatis ut placeat corporis ipsam. Eveniet natus earum consequatur maxime.,2025-04-02T02:58:34.944000,[]
67f9f2fdeb631ef2e63ae12a,67f9ed3f36a48ec062a03ce3,67f9ed4536a48ec062a03d17,67f9ed7436a48ec062a03e31,3.3,Hic molestias asperiores impedit a ad assumenda.,2025-04-02T19:04:51.007000,[]
67f9f2feeb631ef2e63ae12b,67f9f28aeb631ef2e63ade7a,67f9ed4536a48ec062a03d1b,67f9f2d5eb631ef2e63ae082,1.5,Fugit quaerat praesentium harum. Perspiciatis temporibus cupiditate quaerat expedita placeat.,2025-04-09T06:11:26.796000,[]
67f9f2feeb631ef2e63ae12c,67f9ed3f36a48ec062a03cd9,67f9ed4536a48ec062a03d1a,67f9ed8d36a48ec062a03e73,4.2,At sed occaecati similique nisi. Aperiam voluptatum quisquam consectetur.,2025-04-06T21:44:06.040000,[]
67f9f2feeb631ef2e63ae12d,67f9ed3f36a48ec062a03d0c,67f9ed4536a48ec062a03d21,67f9ed5836a48ec062a03de5,1.6,Corrupti odit qui sint debitis. Veritatis omnis accusantium dignissimos deleniti similique nostrum. Corrupti autem aut totam consequuntur debitis.,2025-04-09T00:00:44.735000,[]
67f9f2feeb631ef2e63ae12e,67f9ed3f36a48ec062a03cff,67f9ed4536a48ec062a03d21,67f9f2d1eb631ef2e63ae078,3.6,Officiis esse odit ducimus delectus. Cupiditate harum maxime animi debitis velit.,2025-04-07T22:09:28.600000,[]
67f9f2feeb631ef2e63ae12f,67f9ed3f36a48ec062a03cec,67f9ed4536a48ec062a03d1a,67f9ed6f36a48ec062a03e23,4.9,Quia illo dolor sequi molestiae. Quibusdam adipisci ipsam laborum non. Aliquid vero saepe tempore autem eveniet.,2025-04-01T16:22:41.865000,[]
67f9f2feeb631ef2e63ae130,67f9ed3f36a48ec062a03ced,67f9ed4536a48ec062a03d1d,67f9ed7636a48ec062a03e36,4.7,Consectetur repudiandae quo modi saepe modi pariatur. Nisi consequatur pariatur dolorum assumenda omnis sint doloribus.,2025-04-09T10:55:44.990000,[]
67f9f2feeb631ef2e63ae131,67f9ed3f36a48ec062a03ce7,67f9f28beb631ef2e63ade98,67f9f2efeb631ef2e63ae0c0,1.1,Et unde provident repellat eius maxime reiciendis quibusdam. Qui vel repudiandae repellendus neque nobis unde. Laudantium quae quod delectus voluptatum consectetur.,2025-04-02T06:35:27.384000,[]
67f9f2feeb631ef2e63ae132,67f9ed3f36a48ec062a03cde,67f9ed4536a48ec062a03d22,67f9ed8836a48ec062a03e68,4.6,Accusantium ipsam fugit voluptates. Aut quisquam labore accusamus. Excepturi ad fuga rerum.,2025-04-01T05:41:06.294000,[]
67f9f2feeb631ef2e63ae133,67f9ed3f36a48ec062a03d0d,67f9ed4536a48ec062a03d1c,67f9ed8436a48ec062a03e5e,4.3,Cumque atque culpa eligendi. Incidunt ipsum blanditiis veniam corporis laudantium assumenda. Ipsa occaecati quam corrupti deserunt animi odit.,2025-04-08T08:52:58.801000,[]
67f9f2ffeb631ef2e63ae134,67f9ed3f36a48ec062a03d0b,67f9ed4536a48ec062a03d1c,67f9ed5e36a48ec062a03df6,2.2,Voluptate pariatur mollitia eos quaerat.,2025-04-01T17:56:53.336000,[]
67f9f2ffeb631ef2e63ae135,67f9ed3f36a48ec062a03cfc,67f9ed4536a48ec062a03d15,67f9ed7136a48ec062a03e2a,2.7,Dolorum sit libero minus. Quia necessitatibus eveniet officia. Nesciunt harum similique quis maiores omnis.,2025-04-04T17:53:07.197000,[]
67f9f2ffeb631ef2e63ae136,67f9f28aeb631ef2e63ade71,67f9f28beb631ef2e63ade94,67f9f2d2eb631ef2e63ae07a,3.2,Praesentium itaque praesentium ipsum id. Sit autem labore facilis eligendi. Ipsam provident sapiente possimus nulla voluptate ad pariatur.,2025-04-06T02:38:48.580000,[]
67f9f2ffeb631ef2e63ae137,67f9ed3f36a48ec062a03d00,67f9ed4536a48ec062a03d17,67f9ed9c36a48ec062a03e9d,2.8,Repudiandae minima voluptatum aspernatur excepturi. Velit ipsum fuga eligendi voluptate et alias quae. Animi nisi dignissimos distinctio provident a aperiam.,2025-04-05T04:14:12.796000,[]
67f9f2ffeb631ef2e63ae138,67f9ed3f36a48ec062a03ced,67f9ed4536a48ec062a03d21,67f9ed6536a48ec062a03e09,1.4,Neque adipisci doloribus libero assumenda doloribus. Alias harum dolorum sunt tenetur.,2025-04-02T01:03:25.792000,[]
67f9f2ffeb631ef2e63ae139,67f9ed3f36a48ec062a03cee,67f9ed4536a48ec062a03d21,67f9f2cceb631ef2e63ae06d,2.5,Excepturi eligendi dicta blanditiis. Nobis aperiam at perspiciatis quasi odio. Laboriosam totam vitae excepturi.,2025-04-08T10:28:53.077000,[]
67f9f2ffeb631ef2e63ae13a,67f9ed3f36a48ec062a03ce7,67f9ed4536a48ec062a03d1f,67f9ed6236a48ec062a03e00,1.1,Enim quas id modi repellat. Veniam perspiciatis cum consequuntur facere ea. Quibusdam ut magni voluptate perspiciatis maxime excepturi error.,2025-04-10T09:08:25.490000,[]
67f9f2ffeb631ef2e63ae13b,67f9ed3f36a48ec062a03ce8,67f9f28beb631ef2e63ade9a,67f9f2eceb631ef2e63ae0ba,4.9,Veniam cupiditate veritatis laboriosam. Laudantium aliquid blanditiis quaerat.,2025-04-08T11:27:48.685000,[]
67f9f2ffeb631ef2e63ae13c,67f9ed3f36a48ec062a03ce0,67f9ed4536a48ec062a03d1e,67f9ed5b36a48ec062a03ded,3.3,Aperiam ea praesentium excepturi amet vero saepe. Facere ipsa provident esse ea impedit. Rem voluptatibus illo iusto temporibus deserunt iure.,2025-04-11T17:16:54.900000,[]
67f9f300eb631ef2e63ae13d,67f9ed3f36a48ec062a03ce0,67f9f28beb631ef2e63ade93,67f9f2c8eb631ef2e63ae062,1.2,Expedita reprehenderit similique sapiente. Nobis neque ea quis nesciunt sapiente. Perferendis tempora facilis quo molestias numquam.,2025-04-09T11:08:23.757000,[]
67f9f300eb631ef2e63ae13e,67f9ed3f36a48ec062a03cdc,67f9ed4536a48ec062a03d22,67f9ed7736a48ec062a03e39,4.0,Libero debitis ullam.,2025-04-11T07:49:12.752000,[]
67f9f300eb631ef2e63ae13f,67f9ed3f36a48ec062a03cfc,67f9ed4536a48ec062a03d21,67f9ed7d36a48ec062a03e4b,3.7,Dolorum quasi laborum sed. Fugiat eaque vero voluptates dolorem. Consequatur nobis at. Numquam quibusdam soluta commodi maxime.,2025-04-03T07:31:06.752000,[]
67f9f300eb631ef2e63ae140,67f9f28aeb631ef2e63ade60,67f9ed4536a48ec062a03d11,67f9f2cceb631ef2e63ae06c,3.1,Veritatis rem itaque cumque vitae. Doloremque ipsum cupiditate dolorum similique. Unde atque ex minus amet hic.,2025-04-11T11:27:04.535000,[]
67f9f300eb631ef2e63ae141,67f9ed3f36a48ec062a03d02,67f9f28beb631ef2e63ade95,67f9f2b3eb631ef2e63ae030,1.4,Exercitationem impedit recusandae perspiciatis eius praesentium. Rem error cupiditate officia cumque tenetur. Minus fugit dolore voluptates esse tenetur quas.,2025-04-05T19:35:56.952000,[]
67f9f300eb631ef2e63ae142,67f9ed3f36a48ec062a03cf2,67f9ed4536a48ec062a03d20,67f9ed7b36a48ec062a03e45,2.4,Cupiditate dolor commodi ut. Fuga error ullam molestiae beatae eveniet.,2025-04-06T16:19:30.245000,[]
67f9f300eb631ef2e63ae143,67f9ed3f36a48ec062a03d01,67f9ed4536a48ec062a03d1f,67f9ed7936a48ec062a03e40,4.4,Repellat reiciendis quasi veritatis exercitationem temporibus corrupti.,2025-04-05T10:58:49.086000,[]
67f9f300eb631ef2e63ae144,67f9ed3f36a48ec062a03cf2,67f9ed4536a48ec062a03d1c,67f9ed6536a48ec062a03e08,1.0,Dolorum aliquam nulla. Quos ducimus amet illo quo. Saepe quis distinctio.,2025-04-11T05:16:41.269000,[]
67f9f301eb631ef2e63ae145,67f9f28aeb631ef2e63ade77,67f9f28beb631ef2e63ade9c,67f9f2afeb631ef2e63ae026,4.8,Aliquam voluptatibus fuga amet atque. Quasi minus fugiat facere distinctio ab est. Hic vitae reprehenderit repudiandae facilis.,2025-04-04T17:22:14.912000,[]
67f9f301eb631ef2e63ae146,67f9ed3f36a48ec062a03ce9,67f9ed4536a48ec062a03d16,67f9ed9a36a48ec062a03e99,4.1,Inventore veritatis quas explicabo quibusdam. Adipisci similique ipsam id reprehenderit architecto. Odio quae doloribus hic.,2025-04-04T10:18:25.872000,[]
67f9f301eb631ef2e63ae147,67f9f28aeb631ef2e63ade76,67f9f28beb631ef2e63ade95,67f9f2baeb631ef2e63ae03f,1.8,Quibusdam laboriosam quae dolor necessitatibus porro. Eligendi necessitatibus sed rerum explicabo.,2025-04-04T20:27:18.619000,[]
67f9f301eb631ef2e63ae148,67f9ed3f36a48ec062a03cdd,67f9f28beb631ef2e63ade89,67f9f29feb631ef2e63ae000,4.1,Officiis corrupti nihil suscipit quibusdam atque labore ad. Suscipit alias dolorum cumque id et libero dignissimos.,2025-04-01T16:43:06.951000,[]
67f9f301eb631ef2e63ae149,67f9ed3f36a48ec062a03cdf,67f9ed4536a48ec062a03d19,67f9ed6736a48ec062a03e0f,3.6,Molestiae dolor minus. Provident dolore error mollitia doloremque sit. Illum quis quos quod.,2025-04-07T00:20:10.119000,[]
67f9f301eb631ef2e63ae14a,67f9ed3f36a48ec062a03cdf,67f9ed4536a48ec062a03d19,67f9ed6736a48ec062a03e0f,3.7,Esse labore praesentium. A dolor hic animi quaerat. Aperiam doloremque debitis numquam enim magni architecto eos.,2025-04-11T12:32:55.460000,[]
67f9f301eb631ef2e63ae14b,67f9ed3f36a48ec062a03ce1,67f9ed4536a48ec062a03d10,67f9ed9736a48ec062a03e90,3.7,Necessitatibus nemo architecto voluptate. Pariatur suscipit quidem ex.,2025-04-07T21:03:11.317000,[]
67f9f301eb631ef2e63ae14c,67f9f28aeb631ef2e63ade73,67f9f28beb631ef2e63ade91,67f9f2e9eb631ef2e63ae0b1,2.1,Illum quidem alias hic totam repudiandae. Nisi sint architecto error. Ut cumque maiores.,2025-04-06T02:26:42.377000,[]
67f9f301eb631ef2e63ae14d,67f9ed3f36a48ec062a03cdf,67f9ed4536a48ec062a03d0f,67f9ed9436a48ec062a03e87,4.2,Est blanditiis beatae magni. Ipsa explicabo excepturi corporis error nulla.,2025-04-06T01:09:43.800000,[]
67f9f301eb631ef2e63ae14e,67f9ed3f36a48ec062a03cf8,67f9ed4536a48ec062a03d22,67f9ed7e36a48ec062a03e4c,4.3,Placeat soluta dignissimos qui. Exercitationem exercitationem distinctio iusto error illo ducimus.,2025-04-07T15:01:43.824000,[]
67f9f302eb631ef2e63ae14f,67f9ed3f36a48ec062a03cdf,67f9ed4536a48ec062a03d0f,67f9ed9436a48ec062a03e87,3.8,Praesentium sunt cumque eum similique porro. Sed deserunt accusantium culpa. Rerum nobis neque maiores.,2025-04-11T18:46:07.638000,[]
67f9f302eb631ef2e63ae150,67f9ed3f36a48ec062a03d01,67f9ed4536a48ec062a03d1f,67f9ed7936a48ec062a03e40,4.9,Maiores minima quas fugiat quod id. Voluptas libero voluptatibus eaque enim. Dicta possimus odio debitis.,2025-04-08T07:49:51.290000,[]
67f9f302eb631ef2e63ae151,67f9ed3f36a48ec062a03cee,67f9f28beb631ef2e63ade9c,67f9f2cfeb631ef2e63ae073,4.0,Exercitationem beatae quam tenetur. Sequi recusandae numquam.,2025-04-11T14:25:29.491000,[]
67f9f302eb631ef2e63ae152,67f9f28aeb631ef2e63ade68,67f9ed4536a48ec062a03d14,67f9f2bbeb631ef2e63ae042,4.3,Amet placeat molestiae dolor. Doloribus pariatur assumenda dolore non vero. Occaecati omnis expedita ipsam unde.,2025-04-10T15:00:11.912000,[]
67f9f302eb631ef2e63ae153,67f9f28aeb631ef2e63ade63,67f9ed4536a48ec062a03d14,67f9f2a8eb631ef2e63ae016,3.7,Magni sequi nesciunt facere. Voluptatibus eveniet debitis modi. Sunt est iure molestiae libero molestias natus facere.,2025-04-02T17:41:50.838000,[]
67f9f302eb631ef2e63ae154,67f9ed3f36a48ec062a03cec,67f9ed4536a48ec062a03d10,67f9ed8036a48ec062a03e53,2.4,Cum occaecati enim commodi dolores. Neque quas facilis nesciunt iure. Asperiores sapiente adipisci id.,2025-04-11T20:44:17.781000,[]
67f9f302eb631ef2e63ae155,67f9ed3f36a48ec062a03cfc,67f9ed4536a48ec062a03d15,67f9ed7136a48ec062a03e2a,1.9,Ipsam soluta dolorem maiores cumque.,2025-04-10T01:20:45.675000,[]
67f9f302eb631ef2e63ae156,67f9ed3f36a48ec062a03ce8,67f9ed4536a48ec062a03d20,67f9ed5936a48ec062a03de9,1.8,Unde quaerat temporibus quod. Nulla quibusdam ullam dolore nesciunt fuga. Nulla fugit deleniti quidem.,2025-04-04T08:23:45.805000,[]
67f9f302eb631ef2e63ae157,67f9f28aeb631ef2e63ade5f,67f9f28beb631ef2e63ade8a,67f9f2b1eb631ef2e63ae02c,3.0,Tenetur reprehenderit nulla nobis officia provident. Sit eveniet debitis dicta ea.,2025-04-03T03:24:22.728000,[]
67f9f303eb631ef2e63ae158,67f9ed3f36a48ec062a03cdf,67f9ed4536a48ec062a03d20,67f9ed9036a48ec062a03e7d,2.6,Unde sunt animi maxime eaque corporis nisi. Earum cum sapiente quo beatae.,2025-04-07T03:14:39.655000,[]
67f9f303eb631ef2e63ae159,67f9ed3f36a48ec062a03d0d,67f9ed4536a48ec062a03d0f,67f9f2e2eb631ef2e63ae0a0,4.4,Cumque ab praesentium nulla animi. Ullam hic unde. Ex libero provident a.,2025-04-04T06:41:41.075000,[]
67f9f303eb631ef2e63ae15a,67f9f28aeb631ef2e63ade77,67f9f28beb631ef2e63ade9c,67f9f2afeb631ef2e63ae026,2.3,Delectus suscipit fugiat qui. Soluta debitis voluptatum quae deserunt. Similique cumque aliquid vero qui explicabo laborum quas. Expedita rerum nihil.,2025-04-07T17:38:59.204000,[]
67f9f303eb631ef2e63ae15b,67f9ed3f36a48ec062a03d05,67f9ed4536a48ec062a03d1e,67f9ed7936a48ec062a03e3e,3.7,Similique qui sequi facere quo sint. Voluptatem et aperiam iste. Ab dignissimos expedita magni numquam facilis. Sed voluptate inventore facere.,2025-04-04T08:36:56.684000,[]
67f9f303eb631ef2e63ae15c,67f9ed3f36a48ec062a03cfc,67f9ed4536a48ec062a03d1b,67f9ed6336a48ec062a03e03,2.2,Porro at dolores voluptas. Saepe fuga temporibus aspernatur. Maxime laudantium sunt occaecati dolor facilis repellendus quae.,2025-04-04T13:19:47.959000,[]
